Timestamp,SparkMax/////12c5eae9-f668-44de-a196-736add5fa54e Ext EEPROM Warning,SparkMax/////cc596fcc-45e9-4a23-8b44-0e26a54f0d3d Current,SparkMax/////12c5eae9-f668-44de-a196-736add5fa54e Primary Encoder Velocity,SparkMax/////12c5eae9-f668-44de-a196-736add5fa54e Current,SparkMax/////f2e4c326-a20a-4966-9422-e45ddde51ed1 Ext EEPROM Sticky Warning,SparkMax/////f2e4c326-a20a-4966-9422-e45ddde51ed1 Primary Encoder Velocity,SparkMax/////0b40ef0b-5702-416a-af0d-e1724e98f644 Brownout Sticky Warning,SparkMax/////f2e4c326-a20a-4966-9422-e45ddde51ed1 Current,SparkMax/////0b40ef0b-5702-416a-af0d-e1724e98f644 Primary Encoder Velocity,SparkMax/////cc596fcc-45e9-4a23-8b44-0e26a54f0d3d Brownout Warning,SparkMax/////0b40ef0b-5702-416a-af0d-e1724e98f644 Current,SparkMax/////cc596fcc-45e9-4a23-8b44-0e26a54f0d3d Primary Encoder Velocity
1771298681419,0
1771298681436,,17.10622710622709
1771298681452,,,-109.03785705566406
1771298681468,,,,19.37728937728936
1771298681503,,,,,0
1771298681521,,,,,,-108.30424499511719
1771298681538,,,,,,,0
1771298681558,,,,,,,,18.351648351648336
1771298681575,,,,,,,,,108.47248077392578
1771298681610,,,,,,,,,,0
1771298681626,,,,,,,,,,,14.505494505494493
1771298681649,,,,,,,,,,,,107.00752258300781
1771298681666,0,,,,,,,,,,,
1771298681701,,17.03296703296702,,,,,,,,,,
1771298681720,,,-107.19612121582031,,,,,,,,,
1771298681738,,,,,0,,,,,,,
1771298681757,,,,21.68498168498167,,,,,,,,
1771298681780,,,,,,-107.107421875,,,,,,
1771298681799,,,,,,,0,,,,,
1771298681829,,,,,,,,17.32600732600731,,,,
1771298681850,,,,,,,,,108.1039047241211,,,
1771298681885,,,,,,,,,,0,,
1771298681908,,,,,,,,,,,16.959706959706946,
1771298681927,,,,,,,,,,,,108.54712677001953
1771298681946,0,,,,,,,,,,,
1771298681962,,15.238095238095225,,,,,,,,,,
1771298681984,,,-107.81012725830078,,,,,,,,,
1771298682003,,,,,0,,,,,,,
1771298682023,,,,17.362637362637347,,,,,,,,
1771298682043,,,,,,-107.70582580566406,,,,,,
1771298682079,,,,,,,,16.04395604395603,,,,
1771298682099,,,,,,,0,,,,,
1771298682121,,,,,,,,,107.87162017822266,,,
1771298682140,,,,,,,,,,0,,
1771298682159,,,,,,,,,,,11.941391941391931,
1771298682178,,,,,,,,,,,,108.4776840209961
1771298682194,0,,,,,,,,,,,
1771298682211,,18.131868131868117,,,,,,,,,,
1771298682231,,,-108.33016967773438,,,,,,,,,
1771298682267,,,,,0,,,,,,,
1771298682284,,,,20.622710622710606,,,,,,,,
1771298682302,,,,,,-108.30422973632812,,,,,,
1771298682322,,,,,,,0,,,,,
1771298682343,,,,,,,,17.289377289377274,,,,
1771298682360,,,,,,,,,108.01229095458984,,,
1771298682376,,,,,,,,,,0,,
1771298682394,,,,,,,,,,,13.443223443223433,
1771298682416,,,,,,,,,,,,108.4435806274414
1771298682456,,12.857142857142847,,,,,,,,,,
1771298682475,0,,,,,,,,,,,
1771298682495,,,-107.83094787597656,,,,,,,,,
1771298682513,,,,,0,,,,,,,
1771298682531,,,,17.69230769230768,,,,,,,,
1771298682548,,,,,,-107.70582580566406,,,,,,
1771298682565,,,,,,,0,,,,,
1771298682583,,,,,,,,17.54578754578753,,,,
1771298682601,,,,,,,,,107.58824920654297,,,
1771298682638,,,,,,,,,,0,,
1771298682657,,,,,,,,,,,12.014652014652004,
1771298682676,,,,,,,,,,,,107.52921295166016
1771298682710,0,,,,,,,,,,,
1771298682726,,11.794871794871785,,,,,,,,,,
1771298682743,,,-108.03063201904297,,,,,,,,,
1771298682759,,,,,0,,,,,,,
1771298682776,,,,17.10622710622709,,,,,,,,
1771298682819,,,,,,-107.70582580566406,,,,,,
1771298682837,,,,,,,0,,,,,
1771298682861,,,,,,,,15.860805860805847,,,,
1771298682882,,,,,,,,,108.15869140625,,,
1771298682904,,,,,,,,,,0,,
1771298682925,,,,,,,,,,,13.699633699633688,
1771298682950,,,,,,,,,,,,107.80040740966797
1771298682970,0,,,,,,,,,,,
1771298683011,,14.835164835164823,,,,,,,,,,
1771298683030,,,-107.30829620361328,,,,,,,,,
1771298683057,,,,,0,,,,,,,
1771298683082,,,,16.48351648351647,,,,,,,,
1771298683109,,,,,,-107.70582580566406,,,,,,
1771298683131,,,,,,,0,,,,,
1771298683151,,,,,,,,15.494505494505482,,,,
1771298683179,,,,,,,,,107.1659927368164,,,
1771298683218,,,,,,,,,,0,,
1771298683242,,,,,,,,,,,12.087912087912079,
1771298683263,,,,,,,,,,,,107.89682006835938
1771298683286,0,,,,,,,,,,,
1771298683305,,19.92673992673991,,,,,,,,,,
1771298683326,,,-108.44782257080078,,,,,,,,,
1771298683345,,,,,0,,,,,,,
1771298683366,,,,20.9157509157509,,,,,,,,
1771298683391,,,,,,-107.70582580566406,,,,,,
1771298683431,,,,,,,0,,,,,
1771298683451,,,,,,,,17.03296703296702,,,,
1771298683473,,,,,,,,,108.18006896972656,,,
1771298683493,,,,,,,,,,0,,
1771298683512,,,,,,,,,,,12.564102564102553,
1771298683534,,,,,,,,,,,,107.27981567382812
1771298683556,0,,,,,,,,,,,
1771298683587,,14.358974358974347,,,,,,,,,,
1771298683610,,,-107.39704895019531,,,,,,,,,
1771298683652,,,,,0,,,,,,,
1771298683670,,,,15.018315018315006,,,,,,,,
1771298683694,,,,,,-107.70582580566406,,,,,,
1771298683717,,,,,,,0,,,,,
1771298683736,,,,,,,,17.948717948717935,,,,
1771298683758,,,,,,,,,108.40715026855469,,,
1771298683778,,,,,,,,,,0,,
1771298683831,,,,,,,,,,,11.355311355311345,
1771298683852,,,,,,,,,,,,107.26651763916016
1771298683906,0,,,,,,,,,,,
1771298683923,,15.274725274725261,,,,,,,,,,
1771298683948,,,-108.3990707397461,,,,,,,,,
1771298683977,,,,,0,,,,,,,
1771298684020,,,,19.670329670329654,,,,,,,,
1771298684043,,,,,,-108.30422973632812,,,,,,
1771298684059,,,,,,,0,,,,,
1771298684091,,,,,,,,17.58241758241757,,,,
1771298684112,,,,,,,,,107.86052703857422,,,
1771298684128,,,,,,,,,,0,,
1771298684144,,,,,,,,,,,12.82051282051281,
1771298684160,,,,,,,,,,,,107.01560974121094
1771298684177,0,,,,,,,,,,,
1771298684199,,13.663003663003652,,,,,,,,,,
1771298684217,,,-107.5178451538086,,,,,,,,,
1771298684250,,,,17.765567765567752,,,,,,,,
1771298684270,,,,,0,,,,,,,
1771298684299,,,,,,-107.70582580566406,,,,,,
1771298684343,,,,,,,0,,,,,
1771298684386,,,,,,,,16.886446886446873,,,,
1771298684421,,,,,,,,,107.96229553222656,,,
1771298684441,,,,,,,,,,0,,
1771298684484,0,,,,,,,,,,,
1771298684503,,,,,,,,,,,15.787545787545774,
1771298684524,,,,,,,,,,,,108.33934783935547
1771298684547,,,-107.68370819091797,,,,,,,,,
1771298684568,,15.641025641025628,,,,,,,,,,
1771298684591,,,,,0,,,,,,,
1771298684613,,,,18.86446886446885,,,,,,,,
1771298684633,,,,,,-107.70582580566406,,,,,,
1771298684671,,,,,,,,17.655677655677643,,,,
1771298684686,,,,,,,0,,,,,
1771298684706,,,,,,,,,107.31541442871094,,,
1771298684740,,,,,,,,,,0,,
1771298684777,,,,,,,,,,,12.307692307692298,
1771298684816,,,,,,,,,,,,107.53606414794922
1771298684833,0,,,,,,,,,,,
1771298684899,,17.10622710622709,,,,,,,,,,
1771298684943,,,-107.40991973876953,,,,,,,,,
1771298684963,,,,,0,,,,,,,
1771298685005,,,,15.091575091575079,,,,,,,,
1771298685026,,,,,,-108.30422973632812,,,,,,
1771298685052,,,,,,,0,,,,,
1771298685072,,,,,,,,17.472527472527457,,,,
1771298685119,,,,,,,,,107.26036071777344,,,
1771298685163,,,,,,,,,,0,,
1771298685202,,,,,,,,,,,11.391941391941383,
1771298685235,,,,,,,,,,,,107.58702087402344
1771298685256,0,,,,,,,,,,,
1771298685298,,,,,0,,,,,,,
1771298685321,,14.835164835164823,,,,,,,,,,
1771298685358,,,-107.3235092163086,,,,,,,,,
1771298685375,,,,,,-108.30422973632812,,,,,,
1771298685454,,,,17.399267399267384,,,,,,,,
1771298685514,,,,,,,,16.520146520146508,,,,
1771298685543,,,,,,,0,,,,,
1771298685573,,,,,,,,,108.62861633300781,,,
1771298685601,,,,,,,,,,0,,
1771298685644,,,,,,,,,,,13.626373626373615,
1771298685662,,,,,,,,,,,,107.2270736694336
1771298685689,0,,,,,,,,,,,
1771298685719,,13.076923076923066,,,,,,,,,,
1771298685740,,,,,0,,,,,,,
1771298685759,,,-106.85851287841797,,,,,,,,,
1771298685778,,,,,,-108.30422973632812,,,,,,
1771298685798,,,,18.60805860805859,,,,,,,,
1771298685844,,,,,,,,16.666666666666654,,,,
1771298685864,,,,,,,0,,,,,
1771298685882,,,,,,,,,106.73319244384766,,,
1771298685901,,,,,,,,,,0,,
1771298685927,,,,,,,,,,,13.260073260073248,
1771298685948,,,,,,,,,,,,108.56260681152344
1771298685976,0,,,,,,,,,,,
1771298686002,,16.92307692307691,,,,,,,,,,
1771298686043,,,-108.75831604003906,,,,,,,,,
1771298686061,,,,,0,,,,,,,
1771298686084,,,,17.179487179487165,,,,,,,,
1771298686109,,,,,,-107.705810546875,,,,,,
1771298686149,,,,,,,0,,,,,
1771298686180,,,,,,,,16.996336996336982,,,,
1771298686200,,,,,,,,,108.17060852050781,,,
1771298686224,,,,,,,,,,0,,
1771298686269,,,,,,,,,,,15.018315018315006,
1771298686288,,,,,,,,,,,,106.83659362792969
1771298686312,0,,,,,,,,,,,
1771298686332,,13.626373626373615,,,,,,,,,,
1771298686354,,,-107.38965606689453,,,,,,,,,
1771298686373,,,,,0,,,,,,,
1771298686395,,,,18.791208791208774,,,,,,,,
1771298686416,,,,,,-107.10740661621094,,,,,,
1771298686464,,,,,,,0,,,,,
1771298686485,,,,,,,,18.058608058608044,,,,
1771298686510,,,,,,,,,108.08596801757812,,,
1771298686532,,,,,,,,,,0,,
1771298686552,,,,,,,,,,,13.47985347985347,
1771298686573,,,,,,,,,,,,108.58985900878906
1771298686599,0,,,,,,,,,,,
1771298686624,,15.421245421245409,,,,,,,,,,
1771298686647,,,-107.93476104736328,,,,,,,,,
1771298686694,,,,,0,,,,,,,
1771298686714,,,,17.03296703296702,,,,,,,,
1771298686733,,,,,,-108.30420684814453,,,,,,
1771298686751,,,,,,,0,,,,,
1771298686773,,,,,,,,17.912087912087898,,,,
1771298686793,,,,,,,,,107.42842102050781,,,
1771298686823,,,,,,,,,,0,,
1771298686864,,,,,,,,,,,12.49084249084248,
1771298686881,,,,,,,,,,,,107.11627960205078
1771298686918,0,,,,,,,,,,,
1771298686940,,13.699633699633688,,,,,,,,,,
1771298686959,,,-107.76424407958984,,,,,,,,,
1771298686980,,,,,0,,,,,,,
1771298687005,,,,16.70329670329669,,,,,,,,
1771298687026,,,,,,-107.7057876586914,,,,,,
1771298687042,,,,,,,0,,,,,
1771298687081,,,,,,,,17.912087912087898,,,,
1771298687127,,,,,,,,,108.26908874511719,,,
1771298687146,,,,,,,,,,0,,
1771298687164,,,,,,,,,,,16.263736263736252,
1771298687181,0,,,,,,,,,,,
1771298687201,,,,,,,,,,,,107.97187805175781
1771298687247,,,-107.13531494140625,,,,,,,,,
1771298687297,,13.406593406593396,,,,,,,,,,
1771298687317,,,,,0,,,,,,,
1771298687337,,,,16.959706959706946,,,,,,,,
1771298687405,,,,,,-107.10738372802734,,,,,,
1771298687449,,,,,,,0,,,,,
1771298687485,,,,,,,,17.765567765567752,,,,
1771298687504,,,,,,,,,108.46371459960938,,,
1771298687521,,,,,,,,,,0,,
1771298687539,0,,,,,,,,,,,
1771298687557,,,,,,,,,,,14.065934065934055,
1771298687578,,,,,,,,,,,,107.55661010742188
1771298687598,,,-106.95616912841797,,,,,,,,,
1771298687663,,14.102564102564092,,,,,,,,,,
1771298687679,,,,16.630036630036617,,,,,,,,
1771298687740,,,,,0,,,,,,,
1771298687757,,,,,,,0,,,,,
1771298687774,,,,,,-107.7057876586914,,,,,,
1771298687858,,,,,,,,,106.96794128417969,,,
1771298687874,,,,,,,,15.604395604395592,,,,
1771298687901,,,,,,,,,,,13.589743589743579,
1771298687919,,,,,,,,,,0,,
1771298687940,0,,,,,,,,,,,
1771298687970,,,,,,,,,,,,107.00848388671875
1771298687993,,,-106.96890258789062,,,,,,,,,
1771298688031,,12.014652014652004,,,,,,,,,,
1771298688053,,,,15.274725274725261,,,,,,,,
1771298688073,,,,,0,,,,,,,
1771298688097,,,,,,,0,,,,,
1771298688120,,,,,,-107.10736846923828,,,,,,
1771298688140,,,,,,,,,108.56452178955078,,,
1771298688158,,,,,,,,17.655677655677643,,,,
1771298688176,,,,,,,,,,,15.457875457875446,
1771298688222,,,,,,,,,,0,,
1771298688247,0,,,,,,,,,,,
1771298688268,,,,,,,,,,,,108.53369903564453
1771298688288,,,-108.50411987304688,,,,,,,,,
1771298688308,,16.190476190476176,,,,,,,,,,
1771298688327,,,,18.82783882783881,,,,,,,,
1771298688348,,,,,0,,,,,,,
1771298688397,,,,,,,0,,,,,
1771298688425,,,,,,-107.70574951171875,,,,,,
1771298688479,,,,,,,,,107.8410873413086,,,
1771298688501,,,,,,,,18.058608058608044,,,,
1771298688523,,,,,,,,,,,14.175824175824165,
1771298688550,,,,,,,,,,0,,
1771298688572,0,,,,,,,,,,,
1771298688606,,,,,,,,,,,,107.32760620117188
1771298688632,,,-107.7713623046875,,,,,,,,,
1771298688650,,16.336996336996325,,,,,,,,,,
1771298688695,,,,18.3150183150183,,,,,,,,
1771298688716,,,,,0,,,,,,,
1771298688736,,,,,,,0,,,,,
1771298688760,,,,,,-107.70574951171875,,,,,,
1771298688781,,,,,,,,,108.13513946533203,,,
1771298688802,,,,,,,,18.351648351648336,,,,
1771298688819,,,,,,,,,,,15.091575091575079,
1771298688840,,,,,,,,,,0,,
1771298688890,,,,,,,,,,,,107.8184814453125
1771298688914,0,,,,,,,,,,,
1771298688939,,12.49084249084248,,,,,,,,,,
1771298688959,,,-108.228271484375,,,,,,,,,
1771298688979,,,,,0,,,,,,,
1771298688998,,,,13.47985347985347,,,,,,,,
1771298689018,,,,,,,0,,,,,
1771298689037,,,,,,-107.70574951171875,,,,,,
1771298689062,,,,,,,,,108.32388305664062,,,
1771298689102,,,,,,,,16.117216117216103,,,,
1771298689132,,,,,,,,,,,14.578754578754566,
1771298689171,,,,,,,,,,0,,
1771298689193,,,,,,,,,,,,107.43567657470703
1771298689213,0,,,,,,,,,,,
1771298689236,,12.893772893772883,,,,,,,,,,
1771298689259,,,-108.11459350585938,,,,,,,,,
1771298689305,,,,,0,,,,,,,
1771298689325,,,,16.227106227106212,,,,,,,,
1771298689341,,,,,,-107.70574951171875,,,,,,
1771298689358,,,,,,,0,,,,,
1771298689375,,,,,,,,16.886446886446873,,,,
1771298689397,,,,,,,,,108.24800109863281,,,
1771298689418,,,,,,,,,,0,,
1771298689439,,,,,,,,,,,14.065934065934055,
1771298689459,,,,,,,,,,,,107.9736557006836
1771298689531,,14.175824175824165,,,,,,,,,,
1771298689555,0,,,,,,,,,,,
1771298689574,,,,,0,,,,,,,
1771298689596,,,-108.40070343017578,,,,,,,,,
1771298689636,,,,,,-107.70574951171875,,,,,,
1771298689651,,,,,,,0,,,,,
1771298689689,,,,19.70695970695969,,,,,,,,
1771298689703,,,,,,,,17.912087912087898,,,,
1771298689746,,,,,,,,,106.900146484375,,,
1771298689792,,,,,,,,,,0,,
1771298689809,,,,,,,,,,,14.615384615384603,
1771298689828,,,,,,,,,,,,107.43389129638672
1771298689846,0,,,,,,,,,,,
1771298689864,,17.54578754578753,,,,,,,,,,
1771298689883,,,,,0,,,,,,,
1771298689898,,,-106.93164825439453,,,,,,,,,
1771298689920,,,,,,-107.70574951171875,,,,,,
1771298689938,,,,16.190476190476176,,,,,,,,
1771298689975,,,,,,,,18.498168498168482,,,,
1771298689994,,,,,,,0,,,,,
1771298690013,,,,,,,,,108.40645599365234,,,
1771298690030,,,,,,,,,,0,,
1771298690048,,,,,,,,,,,15.091575091575079,
1771298690067,,,,,,,,,,,,107.0494384765625
1771298690085,,13.296703296703285,,,,,,,,,,
1771298690107,0,,,,,,,,,,,
1771298690145,,,-106.99835205078125,,,,,,,,,
1771298690162,,,,,0,,,,,,,
1771298690183,,,,17.2161172161172,,,,,,,,
1771298690205,,,,,,-107.10733032226562,,,,,,
1771298690226,,,,,,,0,,,,,
1771298690246,,,,,,,,16.04395604395603,,,,
1771298690271,,,,,,,,,,0,,
1771298690297,,,,,,,,,108.07775115966797,,,
1771298690326,,,,,,,,,,,,106.73743438720703
1771298690366,,,,,,,,,,,9.450549450549444,
1771298690382,,13.36996336996336,,,,,,,,,,
1771298690399,0,,,,,,,,,,,
1771298690423,,,-108.30032348632812,,,,,,,,,
1771298690439,,,,,0,,,,,,,
1771298690455,,,,18.058608058608044,,,,,,,,
1771298690470,,,,,,-107.70573425292969,,,,,,
1771298690487,,,,,,,,15.054945054945042,,,,
1771298690517,,,,,,,0,,,,,
1771298690545,,,,,,,,,107.68768310546875,,,
1771298690579,,,,,,,,,,0,,
1771298690594,,,,,,,,,,,13.772893772893761,
1771298690612,,,,,,,,,,,,108.27306365966797
1771298690630,0,,,,,,,,,,,
1771298690647,,15.347985347985336,,,,,,,,,,
1771298690665,,,,,0,,,,,,,
1771298690681,,,-107.85231018066406,,,,,,,,,
1771298690713,,,,,,-108.30414581298828,,,,,,
1771298690740,,,,18.278388278388263,,,,,,,,
1771298690759,,,,,,,,17.912087912087898,,,,
1771298690776,,,,,,,0,,,,,
1771298690794,,,,,,,,,107.53592681884766,,,
1771298690813,,,,,,,,,,0,,
1771298690829,,,,,,,,,,,12.014652014652004,
1771298690848,,,,,,,,,,,,107.49703979492188
1771298690883,,11.758241758241748,,,,,,,,,,
1771298690901,0,,,,,,,,,,,
1771298690919,,,,,0,,,,,,,
1771298690936,,,-107.87039947509766,,,,,,,,,
1771298690953,,,,,,-107.70573425292969,,,,,,
1771298690972,,,,17.80219780219779,,,,,,,,
1771298690995,,,,,,,,15.164835164835152,,,,
1771298691015,,,,,,,0,,,,,
1771298691037,,,,,,,,,107.59838104248047,,,
1771298691077,,,,,,,,,,0,,
1771298691101,,,,,,,,,,,17.069597069597055,
1771298691123,,,,,,,,,,,,107.3528060913086
1771298691149,0,,,,,,,,,,,
1771298691170,,13.406593406593396,,,,,,,,,,
1771298691192,,,,,0,,,,,,,
1771298691213,,,-107.62522888183594,,,,,,,,,
1771298691241,,,,,,-107.70573425292969,,,,,,
1771298691266,,,,15.604395604395592,,,,,,,,
1771298691333,,,,,,,,16.996336996336982,,,,
1771298691356,,,,,,,0,,,,,
1771298691379,,,,,,,,,106.88740539550781,,,
1771298691397,,,,,,,,,,0,,
1771298691418,,,,,,,,,,,12.60073260073259,
