Timestamp,SparkMax/////e62ff991-025d-4594-b04f-7ead8f58ef50 Primary Encoder Velocity,SparkMax/////0fbe6779-b3fb-47f4-a4e4-9bb8ac67eb90 Ext EEPROM Sticky Warning,SparkMax/////e62ff991-025d-4594-b04f-7ead8f58ef50 Current,SparkMax/////0fbe6779-b3fb-47f4-a4e4-9bb8ac67eb90 Primary Encoder Velocity,SparkMax/////0fbe6779-b3fb-47f4-a4e4-9bb8ac67eb90 Current,SparkMax/////825fbe63-969a-45f6-a698-b89e5f86de1a Brownout Warning,SparkMax/////825fbe63-969a-45f6-a698-b89e5f86de1a Primary Encoder Velocity,SparkMax/////5e2edcf3-cb89-490e-ad3b-ad742be67f38 Brownout Sticky Warning,SparkMax/////825fbe63-969a-45f6-a698-b89e5f86de1a Current,SparkMax/////5e2edcf3-cb89-490e-ad3b-ad742be67f38 Primary Encoder Velocity,SparkMax/////e62ff991-025d-4594-b04f-7ead8f58ef50 Ext EEPROM Warning,SparkMax/////5e2edcf3-cb89-490e-ad3b-ad742be67f38 Current
1771296345538,-9.120067596435547
1771296345556,,0
1771296345571,,,6.666666666666662
1771296345592,,,,-8.975826263427734
1771296345610,,,,,0.183150183150183
1771296345628,,,,,,0
1771296345645,,,,,,,9.260453224182129
1771296345688,,,,,,,,0
1771296345708,,,,,,,,,5.934065934065929
1771296345732,,,,,,,,,,9.378926277160645
1771296345754,,,,,,,,,,,0
1771296345788,,,,,,,,,,,,5.934065934065929
1771296345807,,0,,,,,,,,,,
1771296345828,-8.64645004272461,,,,,,,,,,,
1771296345845,,,,-8.37742805480957,,,,,,,,
1771296345863,,,6.373626373626369,,,,,,,,,
1771296345883,,,,,0.549450549450549,,,,,,,
1771296345905,,,,,,0,,,,,,
1771296345940,,,,,,,8.719040870666504,,,,,
1771296345964,,,,,,,,0,,,,
1771296345995,,,,,,,,,5.8974358974358925,,,
1771296346019,,,,,,,,,,8.585365295410156,,
1771296346042,,,,,,,,,,,0,
1771296346064,,,,,,,,,,,,5.9706959706959655
1771296346085,,0,,,,,,,,,,
1771296346106,-8.865863800048828,,,,,,,,,,,
1771296346127,,,,-8.37742805480957,,,,,,,,
1771296346151,,,5.71428571428571,,,,,,,,,
1771296346170,,,,,0.366300366300366,,,,,,,
1771296346192,,,,,,0,,,,,,
1771296346214,,,,,,,8.530853271484375,,,,,
1771296346232,,,,,,,,0,,,,
1771296346254,,,,,,,,,5.091575091575088,,,
1771296346274,,,,,,,,,,9.033096313476562,,
1771296346297,,,,,,,,,,,,5.567765567765563
1771296346319,,,,,,,,,,,0,
1771296346338,,0,,,,,,,,,,
1771296346365,-9.010908126831055,,,,,,,,,,,
1771296346388,,,,-8.975826263427734,,,,,,,,
1771296346405,,,5.27472527472527,,,,,,,,,
1771296346425,,,,,0.2564102564102562,,,,,,,
1771296346444,,,,,,0,,,,,,
1771296346466,,,,,,,9.038848876953125,,,,,
1771296346492,,,,,,,,0,,,,
1771296346514,,,,,,,,,4.542124542124538,,,
1771296346539,,,,,,,,,,8.948726654052734,,
1771296346562,,,,,,,,,,,,5.347985347985343
1771296346583,,,,,,,,,,,0,
1771296346601,,0,,,,,,,,,,
1771296346619,-8.948179244995117,,,,,,,,,,,
1771296346637,,,,-8.975826263427734,,,,,,,,
1771296346658,,,6.080586080586076,,,,,,,,,
1771296346680,,,,,0.2564102564102562,,,,,,,
1771296346698,,,,,,0,,,,,,
1771296346723,,,,,,,8.602622032165527,,,,,
1771296346743,,,,,,,,0,,,,
1771296346787,,,,,,,,,5.128205128205124,,,
1771296346808,,,,,,,,,,8.867234230041504,,
1771296346827,,,,,,,,,,,,4.1758241758241725
1771296346848,,,,,,,,,,,0,
1771296346871,,0,,,,,,,,,,
1771296346891,-8.774099349975586,,,,,,,,,,,
1771296346913,,,,-8.975826263427734,,,,,,,,
1771296346931,,,4.908424908424904,,,,,,,,,
1771296346948,,,,,0.2564102564102562,,,,,,,
1771296346970,,,,,,0,,,,,,
1771296346992,,,,,,,8.962834358215332,,,,,
1771296347018,,,,,,,,0,,,,
1771296347037,,,,,,,,,6.117216117216112,,,
1771296347057,,,,,,,,,,9.001319885253906,,
1771296347079,,,,,,,,,,,,5.384615384615381
1771296347104,,,,,,,,,,,0,
1771296347123,,0,,,,,,,,,,
1771296347144,-9.163758277893066,,,,,,,,,,,
1771296347166,,,,-8.975826263427734,,,,,,,,
1771296347187,,,5.457875457875454,,,,,,,,,
1771296347207,,,,,0.549450549450549,,,,,,,
1771296347229,,,,,,0,,,,,,
1771296347255,,,,,,,8.996252059936523,,,,,
1771296347277,,,,,,,,0,,,,
1771296347299,,,,,,,,,5.934065934065929,,,
1771296347324,,,,,,,,,,8.958176612854004,,
1771296347345,,,,,,,,,,,,5.8241758241758195
1771296347369,,,,,,,,,,,0,
1771296347392,,0,,,,,,,,,,
1771296347411,-8.232137680053711,,,,,,,,,,,
1771296347430,,,,-8.37742805480957,,,,,,,,
1771296347448,,,6.080586080586076,,,,,,,,,
1771296347469,,,,,0.2197802197802196,,,,,,,
1771296347491,,,,,,0,,,,,,
1771296347515,,,,,,,8.748624801635742,,,,,
1771296347541,,,,,,,,0,,,,
1771296347561,,,,,,,,,5.7509157509157465,,,
1771296347582,,,,,,,,,,8.416489601135254,,
1771296347607,,,,,,,,,,,,5.054945054945051
1771296347631,,,,,,,,,,,0,
1771296347658,,0,,,,,,,,,,
1771296347681,-8.956123352050781,,,,,,,,,,,
1771296347705,,,,-8.37742805480957,,,,,,,,
1771296347728,,,5.71428571428571,,,,,,,,,
1771296347750,,,,,0.2564102564102562,,,,,,,
1771296347772,,,,,,0,,,,,,
1771296347802,,,,,,,8.928045272827148,,,,,
1771296347830,,,,,,,,0,,,,
1771296347853,,,,,,,,,6.043956043956039,,,
1771296347895,,,,,,,,,,8.730408668518066,,
1771296347922,,,,,,,,,,,0,
1771296347948,,,,,,,,,,,,5.347985347985343
1771296347976,,0,,,,,,,,,,
1771296347997,-9.023234367370605,,,,,,,,,,,
1771296348029,,,,-8.975826263427734,,,,,,,,
1771296348053,,,7.582417582417576,,,,,,,,,
1771296348077,,,,,,0,,,,,,
1771296348099,,,,,0.549450549450549,,,,,,,
1771296348126,,,,,,,8.350885391235352,,,,,
1771296348148,,,,,,,,0,,,,
1771296348170,,,,,,,,,5.27472527472527,,,
1771296348194,,,,,,,,,,9.057886123657227,,
1771296348214,,,,,,,,,,,,5.9706959706959655
1771296348238,,,,,,,,,,,0,
1771296348263,-8.511131286621094,,,,,,,,,,,
1771296348286,,0,,,,,,,,,,
1771296348315,,,3.0769230769230744,,,,,,,,,
1771296348337,,,,-8.975826263427734,,,,,,,,
1771296348361,,,,,,0,,,,,,
1771296348387,,,,,0.2197802197802196,,,,,,,
1771296348426,,,,,,,9.522189140319824,,,,,
1771296348447,,,,,,,,0,,,,
1771296348473,,,,,,,,,4.725274725274722,,,
1771296348491,,,,,,,,,,8.659735679626465,,
1771296348510,,,,,,,,,,,0,
1771296348531,,,,,,,,,,,,3.6263736263736233
1771296348556,-8.758485794067383,,,,,,,,,,,
1771296348576,,0,,,,,,,,,,
1771296348598,,,5.457875457875454,,,,,,,,,
1771296348616,,,,-8.975826263427734,,,,,,,,
1771296348638,,,,,,0,,,,,,
1771296348661,,,,,0.2564102564102562,,,,,,,
1771296348685,,,,,,,9.178139686584473,,,,,
1771296348707,,,,,,,,0,,,,
1771296348727,,,,,,,,,6.300366300366295,,,
1771296348746,,,,,,,,,,8.461139678955078,,
1771296348770,,,,,,,,,,,0,
1771296348793,,,,,,,,,,,,5.49450549450549
1771296348814,-8.123663902282715,,,,,,,,,,,
1771296348832,,0,,,,,,,,,,
1771296348850,,,7.765567765567759,,,,,,,,,
1771296348872,,,,-8.37742805480957,,,,,,,,
1771296348894,,,,,,0,,,,,,
1771296348916,,,,,0.549450549450549,,,,,,,
1771296348936,,,,,,,8.505516052246094,,,,,
1771296348980,,,,,,,,0,,,,
1771296349000,,,,,,,,,5.860805860805856,,,
1771296349021,,,,,,,,,,8.630151748657227,,
1771296349038,,,,,,,,,,,0,
1771296349060,,,,,,,,,,,,5.27472527472527
1771296349084,-8.919553756713867,,,,,,,,,,,
1771296349101,,0,,,,,,,,,,
1771296349121,,,5.787545787545783,,,,,,,,,
1771296349142,,,,-8.975826263427734,,,,,,,,
1771296349166,,,,,,0,,,,,,
1771296349188,,,,,0.2564102564102562,,,,,,,
1771296349206,,,,,,,8.612210273742676,,,,,
1771296349223,,,,,,,,0,,,,
1771296349242,,,,,,,,,4.761904761904758,,,
1771296349260,,,,,,,,,,9.112533569335938,,
1771296349281,,,,,,,,,,,0,
1771296349302,,,,,,,,,,,,5.054945054945051
1771296349322,-8.947083473205566,,,,,,,,,,,
1771296349349,,,6.227106227106222,,,,,,,,,
1771296349372,,0,,,,,,,,,,
1771296349400,,,,-8.37742805480957,,,,,,,,
1771296349427,,,,,,0,,,,,,
1771296349448,,,,,0.549450549450549,,,,,,,
1771296349473,,,,,,,8.617277145385742,,,,,
1771296349497,,,,,,,,0,,,,
1771296349516,,,,,,,,,5.71428571428571,,,
1771296349551,,,,,,,,,,8.613716125488281,,
1771296349575,,,,,,,,,,,0,
1771296349598,,,,,,,,,,,,4.871794871794868
1771296349624,-8.599198341369629,,,,,,,,,,,
1771296349641,,0,,,,,,,,,,
1771296349667,,,5.164835164835161,,,,,,,,,
1771296349692,,,,-8.975826263427734,,,,,,,,
1771296349714,,,,,,0,,,,,,
1771296349737,,,,,0.2564102564102562,,,,,,,
1771296349767,,,,,,,8.924346923828125,,,,,
1771296349788,,,,,,,,0,,,,
1771296349814,,,,,,,,,6.227106227106222,,,
1771296349834,,,,,,,,,,8.973791122436523,,
1771296349851,,,,,,,,,,,0,
1771296349875,,,,,,,,,,,,5.8974358974358925
1771296349897,-8.684662818908691,,,,,,,,,,,
1771296349924,,0,,,,,,,,,,
1771296349948,,,6.263736263736258,,,,,,,,,
1771296349970,,,,-8.975826263427734,,,,,,,,
1771296349992,,,,,,0,,,,,,
1771296350015,,,,,0.2564102564102562,,,,,,,
1771296350036,,,,,,,9.017481803894043,,,,,
1771296350082,,,,,,,,0,,,,
1771296350103,,,,,,,,,4.945054945054941,,,
1771296350126,,,,,,,,,,8.721094131469727,,
1771296350154,,,,,,,,,,,0,
1771296350179,,,,,,,,,,,,6.739926739926735
1771296350202,-8.273911476135254,,,,,,,,,,,
1771296350225,,0,,,,,,,,,,
1771296350245,,,6.923076923076917,,,,,,,,,
1771296350267,,,,-8.975826263427734,,,,,,,,
1771296350287,,,,,,0,,,,,,
1771296350311,,,,,0.5860805860805856,,,,,,,
1771296350338,,,,,,,8.510171890258789,,,,,
1771296350362,,,,,,,,0,,,,
1771296350384,,,,,,,,,6.630036630036624,,,
1771296350409,,,,,,,,,,8.20926570892334,,
1771296350438,,,,,,,,,,,0,
1771296350461,,,,,,,,,,,,4.945054945054941
1771296350485,-9.280587196350098,,,,,,,,,,,
1771296350510,,0,,,,,,,,,,
1771296350531,,,5.8974358974358925,,,,,,,,,
1771296350557,,,,-8.975826263427734,,,,,,,,
1771296350577,,,,,,0,,,,,,
1771296350597,,,,,0.2564102564102562,,,,,,,
1771296350621,,,,,,,8.539619445800781,,,,,
1771296350643,,,,,,,,0,,,,
1771296350664,,,,,,,,,5.091575091575088,,,
1771296350688,,,,,,,,,,9.228678703308105,,
1771296350712,,,,,,,,,,,0,
1771296350737,,,,,,,,,,,,5.128205128205124
1771296350757,-9.087196350097656,,,,,,,,,,,
1771296350787,,0,,,,,,,,,,
1771296350807,,,4.761904761904758,,,,,,,,,
1771296350829,,,,-8.97582721710205,,,,,,,,
1771296350854,,,,,,0,,,,,,
1771296350870,,,,,0.2564102564102562,,,,,,,
1771296350893,,,,,,,9.081717491149902,,,,,
1771296350923,,,,,,,,0,,,,
1771296350942,,,,,,,,,5.787545787545783,,,
1771296350968,,,,,,,,,,8.941604614257812,,
1771296351007,,,,,,,,,,,0,
1771296351031,,,,,,,,,,,,5.201465201465197
1771296351050,-8.976119041442871,,,,,,,,,,,
1771296351070,,0,,,,,,,,,,
1771296351089,,,5.567765567765563,,,,,,,,,
1771296351109,,,,-8.97582721710205,,,,,,,,
1771296351129,,,,,,0,,,,,,
1771296351169,,,,,0.183150183150183,,,,,,,
1771296351190,,,,,,,9.088018417358398,,,,,
1771296351207,,,,,,,,0,,,,
1771296351232,,,,,,,,,5.128205128205124,,,
1771296351254,,,,,,,,,,8.612895011901855,,
1771296351274,,,,,,,,,,,0,
1771296351292,,,,,,,,,,,,5.49450549450549
1771296351315,-8.447169303894043,,,,,,,,,,,
1771296351333,,0,,,,,,,,,,
1771296351353,,,4.945054945054941,,,,,,,,,
1771296351373,,,,-8.97582721710205,,,,,,,,
1771296351394,,,,,,0,,,,,,
1771296351413,,,,,0.2564102564102562,,,,,,,
1771296351433,,,,,,,9.072951316833496,,,,,
1771296351453,,,,,,,,,5.7509157509157465,,,
1771296351472,,,,,,,,0,,,,
1771296351495,,,,,,,,,,8.561807632446289,,
1771296351516,,,,,,,,,,,0,
1771296351536,,,,,,,,,,,,4.578754578754575
1771296351558,-8.61193561553955,,,,,,,,,,,
1771296351581,,0,,,,,,,,,,
1771296351603,,,6.483516483516478,,,,,,,,,
1771296351624,,,,-8.97582721710205,,,,,,,,
1771296351643,,,,,,0,,,,,,
1771296351662,,,,,0.2197802197802196,,,,,,,
1771296351682,,,,,,,8.353898048400879,,,,,
1771296351703,,,,,,,,0,,,,
1771296351723,,,,,,,,,6.410256410256405,,,
1771296351744,,,,,,,,,,8.451141357421875,,
1771296351762,,,,,,,,,,,,5.531135531135527
1771296351782,,,,,,,,,,,0,
1771296351804,-8.732189178466797,,,,,,,,,,,
1771296351825,,0,,,,,,,,,,
1771296351845,,,4.725274725274722,,,,,,,,,
1771296351866,,,,-8.37742805480957,,,,,,,,
1771296351883,,,,,,0,,,,,,
1771296351902,,,,,0.4761904761904758,,,,,,,
1771296351928,,,,,,,8.752595901489258,,,,,
1771296351950,,,,,,,,0,,,,
1771296351975,,,,,,,,,5.27472527472527,,,
1771296351998,,,,,,,,,,9.175399780273438,,
1771296352023,,,,,,,,,,,0,
1771296352046,,,,,,,,,,,,5.164835164835161
1771296352065,-8.748624801635742,,,,,,,,,,,
1771296352088,,0,,,,,,,,,,
1771296352110,,,4.945054945054941,,,,,,,,,
1771296352129,,,,-8.97582721710205,,,,,,,,
1771296352152,,,,,,0,,,,,,
1771296352174,,,,,0.2564102564102562,,,,,,,
1771296352195,,,,,,,9.026931762695312,,,,,
1771296352219,,,,,,,,0,,,,
1771296352257,,,,,,,,,4.505494505494502,,,
1771296352278,,,,,,,,,,8.830254554748535,,
1771296352317,,,,,,,,,,,0,
1771296352337,,,,,,,,,,,,5.311355311355307
1771296352362,-8.870657920837402,,,,,,,,,,,
1771296352382,,0,,,,,,,,,,
1771296352405,,,5.787545787545783,,,,,,,,,
1771296352429,,,,-8.377429008483887,,,,,,,,
1771296352448,,,,,,0,,,,,,
1771296352467,,,,,0.4761904761904758,,,,,,,
1771296352488,,,,,,,8.704248428344727,,,,,
1771296352510,,,,,,,,0,,,,
1771296352533,,,,,,,,,4.505494505494502,,,
1771296352552,,,,,,,,,,9.029123306274414,,
1771296352575,,,,,,,,,,,0,
1771296352597,,,,,,,,,,,,6.007326007326002
1771296352616,-9.152800559997559,,,,,,,,,,,
1771296352634,,0,,,,,,,,,,
1771296352653,,,5.860805860805856,,,,,,,,,
1771296352669,,,,-8.975828170776367,,,,,,,,
1771296352687,,,,,,0,,,,,,
1771296352707,,,,,0.1098901098901098,,,,,,,
1771296352729,,,,,,,8.716574668884277,,,,,
1771296352749,,,,,,,,,4.688644688644684,,,
1771296352769,,,,,,,,0,,,,
1771296352788,,,,,,,,,,9.039122581481934,,
1771296352809,,,,,,,,,,,0,
1771296352832,,,,,,,,,,,,4.725274725274722
1771296352853,-9.011866569519043,,,,,,,,,,,
1771296352876,,0,,,,,,,,,,
1771296352894,,,4.395604395604392,,,,,,,,,
1771296352912,,,,-8.975828170776367,,,,,,,,
1771296352932,,,,,,0,,,,,,
1771296352950,,,,,0.3296703296703294,,,,,,,
1771296352967,,,,,,,8.9941987991333,,,,,
1771296352989,,,,,,,,,5.677655677655673,,,
1771296353009,,,,,,,,0,,,,
1771296353028,,,,,,,,,,8.64645004272461,,
1771296353049,,,,,,,,,,,0,
1771296353073,,,,,,,,,,,,4.981684981684977
1771296353091,-8.60700511932373,,,,,,,,,,,
1771296353111,,0,,,,,,,,,,
1771296353128,,,6.520146520146515,,,,,,,,,
1771296353147,,,,-8.377429008483887,,,,,,,,
1771296353168,,,,,,0,,,,,,
1771296353187,,,,,0.2197802197802196,,,,,,,
1771296353207,,,,,,,8.765196800231934,,,,,
1771296353226,,,,,,,,,5.421245421245417,,,
1771296353246,,,,,,,,0,,,,
1771296353269,,,,,,,,,,8.646312713623047,,
1771296353291,,,,,,,,,,,0,
1771296353334,,,,,,,,,,,,4.029304029304026
1771296353356,-8.716986656188965,,,,,,,,,,,
1771296353379,,0,,,,,,,,,,
1771296353418,,,5.311355311355307,,,,,,,,,
1771296353439,,,,,,0,,,,,,
1771296353466,,,,-8.97582721710205,,,,,,,,
1771296353488,,,,,,,8.798341751098633,,,,,
1771296353508,,,,,0.0366300366300366,,,,,,,
1771296353527,,,,,,,,0,,,,
1771296353546,,,,,,,,,3.6996336996336967,,,
1771296353577,,,,,,,,,,9.180193901062012,,
1771296353597,,,,,,,,,,,0,
1771296353618,,,,,,,,,,,,5.164835164835161
1771296353636,-9.04733943939209,,,,,,,,,,,
1771296353655,,,4.688644688644684,,,,,,,,,
1771296353674,,0,,,,,,,,,,
1771296353692,,,,-8.97582721710205,,,,,,,,
1771296353709,,,,,,0,,,,,,
1771296353729,,,,,0.2930402930402928,,,,,,,
1771296353748,,,,,,,8.911335945129395,,,,,
1771296353766,,,,,,,,,4.725274725274722,,,
1771296353786,,,,,,,,0,,,,
1771296353805,,,,,,,,,,8.946809768676758,,
1771296353821,,,,,,,,,,,0,
1771296353839,,,,,,,,,,,,4.542124542124538
1771296353856,-9.000909805297852,,,,,,,,,,,
1771296353874,,,5.567765567765563,,,,,,,,,
1771296353891,,0,,,,,,,,,,
1771296353910,,,,-8.97582721710205,,,,,,,,
1771296353929,,,,,,0,,,,,,
1771296353945,,,,,0.183150183150183,,,,,,,
1771296353964,,,,,,,8.36060905456543,,,,,
1771296353982,,,,,,,,,5.49450549450549,,,
1771296354000,,,,,,,,0,,,,
1771296354017,,,,,,,,,,8.346776008605957,,
1771296354034,,,,,,,,,,,0,
1771296354053,,,,,,,,,,,,5.311355311355307
1771296354071,-9.312225341796875,,,,,,,,,,,
1771296354090,,,6.117216117216112,,,,,,,,,
1771296354109,,0,,,,,,,,,,
1771296354126,,,,-8.97582721710205,,,,,,,,
1771296354144,,,,,,0,,,,,,
1771296354162,,,,,0.2564102564102562,,,,,,,
1771296354180,,,,,,,8.443198204040527,,,,,
1771296354198,,,,,,,,,4.615384615384611,,,
1771296354217,,,,,,,,0,,,,
1771296354237,,,,,,,,,,9.114588737487793,,
1771296354256,,,,,,,,,,,0,
1771296354273,,,,,,,,,,,,3.9926739926739896
1771296354291,-8.932975769042969,,,,,,,,,,,
1771296354312,,,5.860805860805856,,,,,,,,,
1771296354329,,0,,,,,,,,,,
1771296354350,,,,-8.37742805480957,,,,,,,,
1771296354370,,,,,,0,,,,,,
1771296354414,,,,,0.5128205128205124,,,,,,,
1771296354437,,,,,,,8.58728313446045,,,,,
1771296354462,,,,,,,,0,,,,
1771296354481,,,,,,,,,5.860805860805856,,,
1771296354505,,,,,,,,,,,0,
1771296354541,,,,,,,,,,8.822310447692871,,
1771296354565,-8.640013694763184,,,,,,,,,,,
1771296354584,,,,,,,,,,,,6.373626373626369
1771296354604,,0,,,,,,,,,,
1771296354622,,,5.8241758241758195,,,,,,,,,
1771296354638,,,,-8.37742805480957,,,,,,,,
1771296354658,,,,,,0,,,,,,
1771296354682,,,,,0.5860805860805856,,,,,,,
1771296354704,,,,,,,8.553863525390625,,,,,
1771296354720,,,,,,,,,7.069597069597064,,,
1771296354744,,,,,,,,0,,,,
1771296354765,,,,,,,,,,8.747802734375,,
1771296354782,,,,,,,,,,,0,
1771296354804,,,,,,,,,,,,5.641025641025636
1771296354825,-8.96201229095459,,,,,,,,,,,
1771296354848,,0,,,,,,,,,,
1771296354867,,,6.556776556776551,,,,,,,,,
1771296354888,,,,-8.97582721710205,,,,,,,,
1771296354911,,,,,,0,,,,,,
1771296354932,,,,,0.183150183150183,,,,,,,
1771296354951,,,,,,,9.1070556640625,,,,,
1771296354969,,,,,,,,0,,,,
1771296354989,,,,,,,,,5.9706959706959655,,,
1771296355010,,,,,,,,,,9.227445602416992,,
1771296355027,,,,,,,,,,,0,
1771296355050,,,,,,,,,,,,5.641025641025636
1771296355069,-8.966395378112793,,,,,,,,,,,
1771296355096,,,5.457875457875454,,,,,,,,,
1771296355119,,0,,,,,,,,,,
1771296355141,,,,-8.37742805480957,,,,,,,,
1771296355160,,,,,,0,,,,,,
1771296355183,,,,,0.4761904761904758,,,,,,,
1771296355202,,,,,,,8.800122261047363,,,,,
1771296355225,,,,,,,,0,,,,
1771296355245,,,,,,,,,5.091575091575088,,,
1771296355264,,,,,,,,,,9.07103443145752,,
1771296355285,,,,,,,,,,,0,
1771296355306,,,,,,,,,,,,5.49450549450549
1771296355325,-9.02487850189209,,,,,,,,,,,
1771296355349,,0,,,,,,,,,,
1771296355369,,,6.520146520146515,,,,,,,,,
1771296355386,,,,-8.37742805480957,,,,,,,,
1771296355406,,,,,,0,,,,,,
1771296355431,,,,,0.2564102564102562,,,,,,,
1771296355450,,,,,,,8.981871604919434,,,,,
1771296355490,,,,,,,,0,,,,
1771296355515,,,,,,,,,5.128205128205124,,,
1771296355534,,,,,,,,,,9.030082702636719,,
