Timestamp,SparkMax/////f2e4c326-a20a-4966-9422-e45ddde51ed1 Current,SparkMax/////0b40ef0b-5702-416a-af0d-e1724e98f644 Primary Encoder Velocity,SparkMax/////cc596fcc-45e9-4a23-8b44-0e26a54f0d3d Current,SparkMax/////0b40ef0b-5702-416a-af0d-e1724e98f644 Current,SparkMax/////cc596fcc-45e9-4a23-8b44-0e26a54f0d3d Primary Encoder Velocity,SparkMax/////12c5eae9-f668-44de-a196-736add5fa54e Ext EEPROM Warning,SparkMax/////cc596fcc-45e9-4a23-8b44-0e26a54f0d3d Brownout Warning,SparkMax/////12c5eae9-f668-44de-a196-736add5fa54e Primary Encoder Velocity,SparkMax/////f2e4c326-a20a-4966-9422-e45ddde51ed1 Ext EEPROM Sticky Warning,SparkMax/////12c5eae9-f668-44de-a196-736add5fa54e Current,SparkMax/////f2e4c326-a20a-4966-9422-e45ddde51ed1 Primary Encoder Velocity,SparkMax/////0b40ef0b-5702-416a-af0d-e1724e98f644 Brownout Sticky Warning
1771298520860,34.835164835164804
1771298520880,,-0.10929616540670395
1771298520899,,,0
1771298520920,,,,0.1098901098901098
1771298520944,,,,,-0.01657247729599476
1771298520964,,,,,,0
1771298521006,,,,,,,0
1771298521026,,,,,,,,0.027666451409459114
1771298521043,,,,,,,,,0
1771298521068,,,,,,,,,,3.9926739926739896
1771298521091,,,,,,,,,,,-90.35336303710938
1771298521110,,,,,,,,,,,,0
1771298521130,37.47252747252744,,,,,,,,,,,
1771298521148,,0.011641822755336761,,,,,,,,,,
1771298521194,,,0,,,,,,,,,
1771298521214,,,,0.4029304029304026,,,,,,,,
1771298521234,,,,,0.04807388037443161,,,,,,,
1771298521250,,,,,,0,,,,,,
1771298521267,,,,,,,0,,,,,
1771298521288,,,,,,,,0.05136098340153694,,,,
1771298521305,,,,,,,,,0,,,
1771298521329,,,,,,,,,,2.7106227106227085,,
1771298521347,,,,,,,,,,,-89.75496673583984,
1771298521391,37.76556776556774,,,,,,,,,,,
1771298521413,,,,,,,,,,,,0
1771298521431,,,0,,,,,,,,,
1771298521456,,-0.03218621760606766,,,,,,,,,,
1771298521474,,,,,-0.0001369626261293888,,,,,,,
1771298521494,,,,0,,,,,,,,
1771298521512,,,,,,0,,,,,,
1771298521531,,,,,,,0,,,,,
1771298521571,,,,,,,,0.001506588771007955,,,,
1771298521609,,,,,,,,,0,,,
1771298521628,,,,,,,,,,2.380952380952379,,
1771298521650,,,,,,,,,,,-88.55818176269531,
1771298521666,,,,,,,,,,,,0
1771298521686,38.35164835164832,,,,,,,,,,,
1771298521709,,0.009313457645475864,,,,,,,,,,
1771298521729,,,0,,,,,,,,,
1771298521750,,,,0,,,,,,,,
1771298521768,,,,,-0.06259191781282425,,,,,,,
1771298521808,,,,,,0,,,,,,
1771298521827,,,,,,,0,,,,,
1771298521852,,,,,,,,-0.014655000530183315,,,,
1771298521885,,,,,,,,,0,,,
1771298521906,,,,,,,,,,3.809523809523806,,
1771298521926,,,,,,,,,,,-91.55016326904297,
1771298521944,,,,,,,,,,,,0
1771298521968,35.641025641025614,,,,,,,,,,,
1771298521989,,0.03848649933934212,,,,,,,,,,
1771298522034,,,0,,,,,,,,,
1771298522051,,,,0,,,,,,,,
1771298522074,,,,,0.030542666092514992,,,,,,,
1771298522093,,,,,,0,,,,,,
1771298522112,,,,,,,0,,,,,
1771298522132,,,,,,,,0.015065887942910194,,,,
1771298522148,,,,,,,,,0,,,
1771298522166,,,,,,,,,,2.4908424908424887,,
1771298522185,,,,,,,,,,,-89.75496673583984,
1771298522224,37.83882783882781,,,,,,,,,,,
1771298522245,,,,,,,,,,,,0
1771298522266,,-0.09655864536762238,,,,,,,,,,
1771298522287,,,0,,,,,,,,,
1771298522314,,,,0,,,,,,,,
1771298522335,,,,,0.01972261816263199,,,,,,,
1771298522357,,,,,,0,,,,,,
1771298522376,,,,,,,0,,,,,
1771298522393,,,,,,,,0.0026022898964583874,,,,
1771298522439,,,,,,,,,0,,,
1771298522460,,,,,,,,,,4.652014652014648,,
1771298522482,,,,,,,,,,,-90.35336303710938,
1771298522500,,,,,,,,,,,,0
1771298522522,36.556776556776526,,,,,,,,,,,
1771298522542,,-0.004793691914528608,,,,,,,,,,
1771298522563,,,0,,,,,,,,,
1771298522586,,,,0.5128205128205124,,,,,,,,
1771298522604,,,,,-0.007806869223713875,,,,,,,
1771298522687,,,,,,0,,,,,,
1771298522707,,,,,,,0,,,,,
1771298522740,,,,,,,,-0.007806869223713875,,,,
1771298522767,,,,,,,,,0,,,
1771298522786,,,,,,,,,,,,0
1771298522810,,,,,,,,,,2.6007326007325986,,
1771298522845,,,,,,,,,,,-90.35336303710938,
1771298522866,,-0.005204579792916775,,,,,,,,,,
1771298522922,37.21611721611718,,,,,,,,,,,
1771298522943,,,,0.1465201465201464,,,,,,,,
1771298522963,,,0,,,,,,,,,
1771298522998,,,,,0.03876041993498802,,,,,,,
1771298523031,,,,,,0,,,,,,
1771298523055,,,,,,,0,,,,,
1771298523082,,,,,,,,0.01670943945646286,,,,
1771298523124,,,,,,,,,0,,,
1771298523143,,,,,,,,,,1.8681318681318666,,
1771298523163,,,,,,,,,,,,0
1771298523186,,,,,,,,,,,-89.75496673583984,
1771298523207,,-0.08149275928735733,,,,,,,,,,
1771298523225,37.54578754578751,,,,,,,,,,,
1771298523242,,,0,,,,,,,,,
1771298523258,,,,0,,,,,,,,
1771298523294,,,,,0,,,,,,,
1771298523333,,,,,,,0,,,,,
1771298523359,,,,,,0,,,,,,
1771298523378,,,,,,,,-0.034925468266010284,,,,
1771298523397,,,,,,,,,0,,,
1771298523415,,,,,,,,,,3.846153846153843,,
1771298523435,,,,,,,,,,,-89.75496673583984,
1771298523457,,,,,,,,,,,,0
1771298523481,35.05494505494502,,,,,,,,,,,
1771298523505,,0.014928925782442093,,,,,,,,,,
1771298523544,,,0,,,,,,,,,
1771298523567,,,,0,,,,,,,,
1771298523588,,,,,0.04944350942969322,,,,,,,
1771298523607,,,,,,0,,,,,,
1771298523625,,,,,,,0,,,,,
1771298523645,,,,,,,,0.023694533854722977,,,,
1771298523664,,,,,,,,,0,,,
1771298523685,,,,,,,,,,2.014652014652013,,
1771298523706,,,,,,,,,,,-91.55016326904297,
1771298523750,34.98168498168495,,,,,,,,,,,
1771298523790,,,,,,,,,,,,0
1771298523813,,,0,,,,,,,,,
1771298523849,,0.020544392988085747,,,,,,,,,,
1771298523869,,,,,0.0065742055885493755,,,,,,,
1771298523888,,,,,,0,,,,,,
1771298523906,,,,0,,,,,,,,
1771298523949,,,,,,,0,,,,,
1771298523967,,,,,,,,-0.002739252522587776,,,,
1771298523988,,,,,,,,,0,,,
1771298524008,,,,,,,,,,3.040293040293038,,
1771298524028,,,,,,,,,,,-89.75496673583984,
1771298524051,35.89743589743587,,,,,,,,,,,
1771298524087,,,,,,,,,,,,0
1771298524124,,-0.048621729016304016,,,,,,,,,,
1771298524140,,,0,,,,,,,,,
1771298524158,,,,0,,,,,,,,
1771298524178,,,,,0.03889738395810127,,,,,,,
1771298524198,,,,,,0,,,,,,
1771298524216,,,,,,,0,,,,,
1771298524233,,,,,,,,0.0365690216422081,,,,
1771298524249,,,,,,,,,0,,,
1771298524265,,,,,,,,,,4.065934065934063,,
1771298524282,,,,,,,,,,,-90.35336303710938,
1771298524316,38.38827838827836,,,,,,,,,,,
1771298524334,,,,,,,,,,,,0
1771298524351,,0.03478850796818733,,,,,,,,,,
1771298524367,,,0,,,,,,,,,
1771298524387,,,,0,,,,,,,,
1771298524409,,,,,0.036021169275045395,,,,,,,
1771298524425,,,,,,0,,,,,,
1771298524442,,,,,,,0,,,,,
1771298524460,,,,,,,,0.035062432289123535,,,,
1771298524502,,,,,,,,,0,,,
1771298524524,,,,,,,,,,2.8937728937728915,,
1771298524545,,,,,,,,,,,-89.75496673583984,
1771298524565,,,,,,,,,,,,0
1771298524583,39.34065934065931,,,,,,,,,,,
1771298524603,,-0.002739252522587776,,,,,,,,,,
1771298524620,,,0,,,,,,,,,
1771298524637,,,,0,,,,,,,,
1771298524656,,,,,0.0776578038930893,,,,,,,
1771298524691,,,,,,,0,,,,,
1771298524714,,,,,,0,,,,,,
1771298524735,,,,,,,,-0.0208183191716671,,,,
1771298524756,,,,,,,,,0,,,
1771298524778,,,,,,,,,,4.212454212454209,,
1771298524796,,,,,,,,,,,-88.55818176269531,
1771298524812,,,,,,,,,,,,0
1771298524839,38.71794871794869,,,,,,,,,,,
1771298524857,,0.176133930683136,,,,,,,,,,
1771298524934,,,0,,,,,,,,,
1771298524950,,,,0,,,,,,,,
1771298524967,,,,,-0.08505378663539886,,,,,,,
1771298524987,,,,,,0,,,,,,
1771298525009,,,,,,,0,,,,,
1771298525028,,,,,,,,,0,,,
1771298525049,,,,,,,,0.2941957116127014,,,,
1771298525067,,,,,,,,,,,-90.35336303710938,
1771298525085,,,,,,,,,,2.857142857142855,,
1771298525124,37.4358974358974,,,,,,,,,,,
1771298525145,,,,,,,,,,,,0
1771298525164,,-0.07916439324617386,,,,,,,,,,
1771298525179,,,0,,,,,,,,,
1771298525204,,,,0,,,,,,,,
1771298525223,,,,,-0.09970878809690475,,,,,,,
1771298525241,,,,,,,0,,,,,
1771298525258,,,,,,0,,,,,,
1771298525310,,,,,,,,-0.08751911669969559,,,,
1771298525338,,,,,,,,,0,,,
1771298525359,,,,,,,,,,2.9670329670329645,,
1771298525380,,,,,,,,,,,-88.55818176269531,
1771298525399,,,,,,,,,,,,0
1771298525419,,,0,,,,,,,,,
1771298525441,36.11721611721609,,,,,,,,,,,
1771298525457,,-0.054785046726465225,,,,,,,,,,
1771298525477,,,,,-0.11176150292158127,,,,,,,
1771298525530,,,,0,,,,,,,,
1771298525550,,,,,,,0,,,,,
1771298525570,,,,,,0,,,,,,
1771298525593,,,,,,,,0.21283990144729614,,,,
1771298525614,,,,,,,,,0,,,
1771298525631,,,,,,,,,,2.344322344322342,,
1771298525651,,,,,,,,,,,-89.15657806396484,
1771298525689,41.09890109890107,,,,,,,,,,,
1771298525706,,,,,,,,,,,,0
1771298525724,,,0,,,,,,,,,
1771298525742,,-0.08121883124113083,,,,,,,,,,
1771298525765,,,,,0.026707712560892105,,,,,,,
1771298525807,,,,0,,,,,,,,
1771298525862,,,,,,,0,,,,,
1771298525882,,,,,,0,,,,,,
1771298525952,,,,,,,,,0,,,
1771298526018,,,,,,,,0.12669043242931366,,,,
1771298526038,,,,,,,,,,,-88.55818176269531,
1771298526076,,,,,,,,,,,,0
1771298526125,,,,,,,,,,3.040293040293038,,
1771298526143,,,0,,,,,,,,,
1771298526173,39.267399267399234,,,,,,,,,,,
1771298526197,,-0.014655000530183315,,,,,,,,,,
1771298526216,,,,,-0.06574206054210663,,,,,,,
1771298526264,,,,0,,,,,,,,
1771298526286,,,,,,,0,,,,,
1771298526307,,,,,,0,,,,,,
1771298526330,,,,,,,,,0,,,
1771298526350,,,,,,,,0.10765261948108673,,,,
1771298526377,,,,,,,,,,,-88.55818176269531,
1771298526403,,,,,,,,,,2.8937728937728915,,
1771298526425,38.424908424908395,,,,,,,,,,,
1771298526467,,,,,,,,,,,,0
1771298526487,,,0,,,,,,,,,
1771298526505,,0.021092243492603302,,,,,,,,,,
1771298526523,,,,,0.008765608072280884,,,,,,,
1771298526542,,,,0.2930402930402928,,,,,,,,
1771298526559,,,,,,,0,,,,,
1771298526579,,,,,,0,,,,,,
1771298526603,,,,,,,,,0,,,
1771298526625,,,,,,,,-0.0576612614095211,,,,
1771298526666,,,,,,,,,,,-89.15657806396484,
1771298526686,,,,,,,,,,2.930402930402928,,
1771298526705,38.46153846153843,,,,,,,,,,,
1771298526728,,,,,,,,,,,,0
1771298526746,,,0,,,,,,,,,
1771298526769,,0.05574378743767738,,,,,,,,,,
1771298526791,,,,,0.0987500548362732,,,,,,,
1771298526809,,,,0,,,,,,,,
1771298526842,,,,,,,0,,,,,
1771298526859,,,,,,0,,,,,,
1771298526878,,,,,,,,,0,,,
1771298526899,,,,,,,,0.044649817049503326,,,,
1771298526920,,,,,,,,,,,-89.75496673583984,
1771298526941,,,,,,,,,,2.930402930402928,,
1771298526963,37.032967032967,,,,,,,,,,,
1771298526985,,,,,,,,,,,,0
1771298527022,,,0,,,,,,,,,
1771298527045,,-0.017257289960980415,,,,,,,,,,
1771298527067,,,,,-0.041225749999284744,,,,,,,
1771298527084,,,,0,,,,,,,,
1771298527105,,,,,,,0,,,,,
1771298527124,,,,,,0,,,,,,
1771298527163,,,,,,,,,0,,,
1771298527221,,,,,,,,0.010820046998560429,,,,
1771298527271,,,,,,,,,,,-89.15657806396484,
1771298527339,,,,,,,,,,2.4175824175824157,,
1771298527361,,,,,,,,,,,,0
1771298527377,36.996336996336964,,,,,,,,,,,
1771298527407,,,0,,,,,,,,,
1771298527426,,0.010683084838092327,,,,,,,,,,
1771298527446,,,,,0.088066965341568,,,,,,,
1771298527464,,,,0.0366300366300366,,,,,,,,
1771298527500,,,,,,,0,,,,,
1771298527517,,,,,,0,,,,,,
1771298527535,,,,,,,,,0,,,
1771298527557,,,,,,,,-0.13203196227550507,,,,
1771298527577,,,,,,,,,,,-88.55818176269531,
1771298527596,,,,,,,,,,2.6739926739926716,,
1771298527617,37.399267399267366,,,,,,,,,,,
1771298527640,,,,,,,,,,,,0
1771298527684,,,0,,,,,,,,,
1771298527704,,-0.06396155059337616,,,,,,,,,,
1771298527724,,,,,0.03218621760606766,,,,,,,
1771298527745,,,,0.4395604395604392,,,,,,,,
1771298527765,,,,,,,0,,,,,
1771298527784,,,,,,0,,,,,,
1771298527805,,,,,,,,,0,,,
1771298527826,,,,,,,,0.10231108218431473,,,,
1771298527843,,,,,,,,,,,-89.15657806396484,
1771298527879,,,,,,,,,,3.2600732600732574,,
1771298527895,39.01098901098898,,,,,,,,,,,
1771298527918,,,,,,,,,,,,0
1771298527937,,,0,,,,,,,,,
1771298527957,,-0.03766472265124321,,,,,,,,,,
1771298527979,,,,,-0.014791963621973991,,,,,,,
1771298527995,,,,0,,,,,,,,
1771298528011,,,,,,,0,,,,,
1771298528048,,,,,,0,,,,,,
1771298528083,,,,,,,,-0.05642859637737274,,,,
1771298528104,,,,,,,,,0,,,
1771298528123,,,,,,,,,,2.564102564102562,,
1771298528143,,,,,,,,,,,-89.15657806396484,
1771298528160,,,,,,,,,,,,0
1771298528176,36.84981684981682,,,,,,,,,,,
1771298528193,,,0,,,,,,,,,
1771298528210,,-0.06505724042654037,,,,,,,,,,
1771298528260,,,,,-0.03465154394507408,,,,,,,
1771298528294,,,,0,,,,,,,,
1771298528337,,,,,,,0,,,,,
1771298528355,,,,,,0,,,,,,
1771298528373,,,,,,,,,0,,,
1771298528390,,,,,,,,-0.04382804036140442,,,,
1771298528407,,,,,,,,,,,-89.75496673583984,
1771298528442,,,,,,,,,,3.3699633699633673,,
1771298528461,37.509157509157475,,,,,,,,,,,
1771298528481,,,,,,,,,,,,0
1771298528502,,,0,,,,,,,,,
1771298528521,,0.044649817049503326,,,,,,,,,,
1771298528539,,,,,0.0209552813321352,,,,,,,
1771298528559,,,,0,,,,,,,,
1771298528585,,,,,,,0,,,,,
1771298528621,,,,,,0,,,,,,
1771298528637,,,,,,,,,0,,,
1771298528656,,,,,,,,0.0677964985370636,,,,
1771298528678,,,,,,,,,,,-90.35337829589844,
1771298528697,,,,,,,,,,2.4175824175824157,,
1771298528716,37.399267399267366,,,,,,,,,,,
1771298528737,,,,,,,,,,,,0
1771298528757,,,0,,,,,,,,,
1771298528778,,0.07026182860136032,,,,,,,,,,
1771298528814,,,,,-0.02177705615758896,,,,,,,
1771298528835,,,,0.366300366300366,,,,,,,,
1771298528858,,,,,,,0,,,,,
1771298528876,,,,,,0,,,,,,
1771298528892,,,,,,,,,0,,,
1771298528929,,,,,,,,0.011641822755336761,,,,
1771298528951,,,,,,,,,,,-89.15658569335938,
1771298528968,,,,,,,,,,3.333333333333331,,
1771298529026,38.27838827838825,,,,,,,,,,,
1771298529048,,,,,,,,,,,,0
1771298529069,,,0,,,,,,,,,
1771298529086,,-0.06546813249588013,,,,,,,,,,
1771298529103,,,,,0.029994815587997437,,,,,,,
1771298529120,,,,0.2930402930402928,,,,,,,,
1771298529137,,,,,,,0,,,,,
1771298529155,,,,,,0,,,,,,
1771298529191,,,,,,,,0.031501404941082,,,,
1771298529208,,,,,,,,,0,,,
1771298529225,,,,,,,,,,2.3076923076923057,,
1771298529244,,,,,,,,,,,-88.55818176269531,
1771298529262,34.87179487179484,,,,,,,,,,,
1771298529278,,,,,,,,,,,,0
1771298529294,,,0,,,,,,,,,
1771298529313,,0.1788731962442398,,,,,,,,,,
1771298529333,,,,,0.10313285142183304,,,,,,,
1771298529394,,,,0,,,,,,,,
1771298529411,,,,,,,0,,,,,
1771298529429,,,,,,0,,,,,,
1771298529447,,,,,,,,,0,,,
1771298529465,,,,,,,,0.0945042073726654,,,,
1771298529480,,,,,,,,,,,-89.15657806396484,
1771298529514,,,,,,,,,,2.564102564102562,,
1771298529554,36.666666666666636,,,,,,,,,,,
1771298529584,,,,,,,,,,,,0
1771298529602,,,0,,,,,,,,,
1771298529618,,-0.0894365981221199,,,,,,,,,,
1771298529636,,,,,-0.03341887891292572,,,,,,,
1771298529654,,,,0,,,,,,,,
1771298529671,,,,,,,0,,,,,
1771298529687,,,,,,0,,,,,,
1771298529725,,,,,,,,0.000684813130646944,,,,
1771298529741,,,,,,,,,0,,,
1771298529758,,,,,,,,,,2.014652014652013,,
1771298529775,,,,,,,,,,,-90.3533706665039,
1771298529792,37.06959706959704,,,,,,,,,,,
1771298529810,,,,,,,,,,,,0
1771298529828,,,0,,,,,,,,,
1771298529859,,0.0209552813321352,,,,,,,,,,
1771298529875,,,,,0.004930654540657997,,,,,,,
1771298529914,,,,0.0366300366300366,,,,,,,,
1771298529934,,,,,,,0,,,,,
1771298529967,,,,,,0,,,,,,
1771298530001,,,,,,,,,0,,,
1771298530020,,,,,,,,0.11299416422843933,,,,
1771298530038,,,,,,,,,,,-89.15657806396484,
1771298530057,,,,,,,,,,2.7106227106227085,,
1771298530090,35.49450549450547,,,,,,,,,,,
1771298530107,,,,,,,,,,,,0
1771298530125,,,0,,,,,,,,,
1771298530146,,-0.09833916276693344,,,,,,,,,,
1771298530170,,,,,0.001506588771007955,,,,,,,
1771298530190,,,,0,,,,,,,,
1771298530211,,,,,,,0,,,,,
1771298530232,,,,,,0,,,,,,
1771298530267,,,,,,,,,0,,,
1771298530286,,,,,,,,-0.002191402018070221,,,,
1771298530305,,,,,,,,,,,-89.75496673583984,
1771298530324,,,,,,,,,,3.5531135531135503,,
1771298530343,36.52014652014649,,,,,,,,,,,
1771298530363,,,,,,,,,,,,0
1771298530384,,,0,,,,,,,,,
1771298530403,,0.019174767658114433,,,,,,,,,,
1771298530421,,,,,0.006985093932598829,,,,,,,
1771298530493,,,,0,,,,,,,,
1771298530514,,,,,,,0,,,,,
1771298530536,,,,,,0,,,,,,
1771298530558,,,,,,,,,0,,,
1771298530579,,,,,,,,-0.020544392988085747,,,,
1771298530597,,,,,,,,,,,-89.15657806396484,
1771298530638,,,,,,,,,,3.040293040293038,,
1771298530656,39.01098901098898,,,,,,,,,,,
1771298530677,,,,,,,,,,,,0
1771298530693,,,0,,,,,,,,,
1771298530716,,0.11313112080097198,,,,,,,,,,
1771298530737,,,,,0.040267009288072586,,,,,,,
1771298530757,,,,0,,,,,,,,
1771298530775,,,,,,,0,,,,,
1771298530818,,,,,,0,,,,,,
1771298530841,,,,,,,,,0,,,
