Timestamp,SparkMax/////f2e4c326-a20a-4966-9422-e45ddde51ed1 Primary Encoder Velocity,SparkMax/////0b40ef0b-5702-416a-af0d-e1724e98f644 Brownout Sticky Warning,SparkMax/////f2e4c326-a20a-4966-9422-e45ddde51ed1 Current,SparkMax/////0b40ef0b-5702-416a-af0d-e1724e98f644 Primary Encoder Velocity,SparkMax/////0b40ef0b-5702-416a-af0d-e1724e98f644 Current,SparkMax/////cc596fcc-45e9-4a23-8b44-0e26a54f0d3d Brownout Warning,SparkMax/////cc596fcc-45e9-4a23-8b44-0e26a54f0d3d Primary Encoder Velocity,SparkMax/////cc596fcc-45e9-4a23-8b44-0e26a54f0d3d Current,SparkMax/////12c5eae9-f668-44de-a196-736add5fa54e Ext EEPROM Warning,SparkMax/////12c5eae9-f668-44de-a196-736add5fa54e Primary Encoder Velocity,SparkMax/////12c5eae9-f668-44de-a196-736add5fa54e Current,SparkMax/////f2e4c326-a20a-4966-9422-e45ddde51ed1 Ext EEPROM Sticky Warning
1771298576993,-101.72291564941406
1771298577005,,0
1771298577017,,,21.3186813186813
1771298577030,,,,0.031912293285131454
1771298577042,,,,,0
1771298577055,,,,,,0
1771298577068,,,,,,,0.014791963621973991
1771298577093,,,,,,,,0
1771298577104,,,,,,,,,0
1771298577115,,,,,,,,,,-104.95829010009766
1771298577128,,,,,,,,,,,29.30402930402928
1771298577141,,,,,,,,,,,,0
1771298577153,-101.72291564941406,,,,,,,,,,,
1771298577166,,,22.124542124542106,,,,,,,,,
1771298577178,,0,,,,,,,,,,
1771298577190,,,,-0.09751738607883453,,,,,,,,
1771298577202,,,,,0,,,,,,,
1771298577227,,,,,,0,,,,,,
1771298577241,,,,,,,-0.00999827217310667,,,,,
1771298577255,,,,,,,,0,,,,
1771298577267,,,,,,,,,0,,,
1771298577279,,,,,,,,,,-104.29210662841797,,
1771298577292,,,,,,,,,,,,0
1771298577304,,,,,,,,,,,27.87545787545785,
1771298577316,-101.12450408935547,,,,,,,,,,,
1771298577330,,,23.26007326007324,,,,,,,,,
1771298577341,,0,,,,,,,,,,
1771298577363,,,,0.0987500548362732,,,,,,,,
1771298577374,,,,,0,,,,,,,
1771298577387,,,,,,0,,,,,,
1771298577401,,,,,,,0.03848649933934212,,,,,
1771298577416,,,,,,,,0,,,,
1771298577453,,,,,,,,,0,,,
1771298577474,,,,,,,,,,-104.66478729248047,,
1771298577495,,,,,,,,,,,,0
1771298577518,,,,,,,,,,,29.047619047619023,
1771298577527,-101.722900390625,,,,,,,,,,,
1771298577539,,0,,,,,,,,,,
1771298577550,,,20.329670329670314,,,,,,,,,
1771298577561,,,,-0.015339813195168972,,,,,,,,
1771298577571,,,,,,0,,,,,,
1771298577585,,,,,0,,,,,,,
1771298577600,,,,,,,-0.0032871027942746878,,,,,
1771298577616,,,,,,,,0,,,,
1771298577643,,,,,,,,,0,,,
1771298577655,,,,,,,,,,-103.6637191772461,,
1771298577667,,,,,,,,,,,26.703296703296683,
1771298577678,,,,,,,,,,,,0
1771298577690,-101.722900390625,,,,,,,,,,,
1771298577702,,,22.930402930402913,,,,,,,,,
1771298577714,,0,,,,,,,,,,
1771298577727,,,,-0.007395981810986996,,,,,,,,
1771298577738,,,,,0,,,,,,,
1771298577748,,,,,,0,,,,,,
1771298577762,,,,,,,-0.005204579792916775,,,,,
1771298577786,,,,,,,,0,,,,
1771298577801,,,,,,,,,0,,,
1771298577812,,,,,,,,,,-102.5947265625,,
1771298577824,,,,,,,,,,,26.37362637362635,
1771298577840,,,,,,,,,,,,0
1771298577856,-101.12451171875,,,,,,,,,,,
1771298577869,,0,,,,,,,,,,
1771298577886,,,19.450549450549435,,,,,,,,,
1771298577898,,,,-0.012874485924839973,,,,,,,,
1771298577922,,,,,0.0732600732600732,,,,,,,
1771298577933,,,,,,0,,,,,,
1771298577947,,,,,,,-0.04423892870545387,,,,,
1771298577960,,,,,,,,,0,,,
1771298577974,,,,,,,,0,,,,
1771298577988,,,,,,,,,,-103.29474639892578,,
1771298578003,,,,,,,,,,,26.446886446886424,
1771298578015,,,,,,,,,,,,0
1771298578030,-101.72288513183594,,,,,,,,,,,
1771298578057,,,19.963369963369946,,,,,,,,,
1771298578072,,0,,,,,,,,,,
1771298578086,,,,-0.0053415424190461636,,,,,,,,
1771298578103,,,,,0.1465201465201464,,,,,,,
1771298578116,,,,,,0,,,,,,
1771298578131,,,,,,,0.002191402018070221,,,,,
1771298578145,,,,,,,,,0,,,
1771298578159,,,,,,,,0,,,,
1771298578175,,,,,,,,,,-102.6881332397461,,
1771298578205,,,,,,,,,,,30.073260073260048,
1771298578220,,,,,,,,,,,,0
1771298578235,-101.12448120117188,,,,,,,,,,,
1771298578250,,0,,,,,,,,,,
1771298578264,,,20.9157509157509,,,,,,,,,
1771298578279,,,,-0.05012831836938858,,,,,,,,
1771298578292,,,,,0,,,,,,,
1771298578308,,,,,,0,,,,,,
1771298578325,,,,,,,-0.08642341941595078,,,,,
1771298578355,,,,,,,,,0,,,
1771298578370,,,,,,,,0,,,,
1771298578383,,,,,,,,,,-102.98014068603516,,
1771298578400,,,,,,,,,,,34.13919413919411,
1771298578424,,,,,,,,,,,,0
1771298578447,-101.72286224365234,,,,,,,,,,,
1771298578469,,0,,,,,,,,,,
1771298578493,,,22.234432234432216,,,,,,,,,
1771298578505,,,,-0.0832732766866684,,,,,,,,
1771298578531,,,,,0,,,,,,,
1771298578543,,,,,,0,,,,,,
1771298578558,,,,,,,-0.03410369157791138,,,,,
1771298578571,,,,,,,,,0,,,
1771298578587,,,,,,,,0,,,,
1771298578601,,,,,,,,,,-102.4833755493164,,
1771298578615,,,,,,,,,,,25.75091575091573,
1771298578628,,,,,,,,,,,,0
1771298578641,-101.12445831298828,,,,,,,,,,,
1771298578670,,,19.450549450549435,,,,,,,,,
1771298578684,,0,,,,,,,,,,
1771298578699,,,,0.0632767304778099,,,,,,,,
1771298578713,,,,,0,,,,,,,
1771298578728,,,,,,0,,,,,,
1771298578742,,,,,,,0.007259019184857607,,,,,
1771298578755,,,,,,,,,0,,,
1771298578768,,,,,,,,0,,,,
1771298578780,,,,,,,,,,-103.17887115478516,,
1771298578793,,,,,,,,,,,27.619047619047596,
1771298578819,,,,,,,,,,,,0
1771298578838,-101.72284698486328,,,,,,,,,,,
1771298578852,,,20.879120879120862,,,,,,,,,
1771298578867,,0,,,,,,,,,,
1771298578880,,,,-0.1198422908782959,,,,,,,,
1771298578897,,,,,,0,,,,,,
1771298578911,,,,,0,,,,,,,
1771298578923,,,,,,,-0.03574724495410919,,,,,
1771298578940,,,,,,,,,0,,,
1771298578954,,,,,,,,0,,,,
1771298579005,,,,,,,,,,-102.47611999511719,,
1771298579031,,,,,,,,,,,32.16117216117213,
1771298579045,,,,,,,,,,,,0
1771298579058,,0,,,,,,,,,,
1771298579071,-101.72282409667969,,,,,,,,,,,
1771298579088,,,,0.08957355469465256,,,,,,,,
1771298579100,,,20.69597069597068,,,,,,,,,
1771298579113,,,,,,0,,,,,,
1771298579129,,,,,0,,,,,,,
1771298579163,,,,,,,-0.007943832315504551,,,,,
1771298579177,,,,,,,,0,,,,
1771298579192,,,,,,,,,0,,,
1771298579206,,,,,,,,,,-102.78182220458984,,
1771298579219,,,,,,,,,,,31.172161172161147,
1771298579235,,,,,,,,,,,,0
1771298579249,-101.72280883789062,,,,,,,,,,,
1771298579263,,,22.161172161172143,,,,,,,,,
1771298579278,,0,,,,,,,,,,
1771298579305,,,,-0.10532426089048386,,,,,,,,
1771298579318,,,,,0,,,,,,,
1771298579332,,,,,,0,,,,,,
1771298579344,,,,,,,-0.07738387584686279,,,,,
1771298579360,,,,,,,,,0,,,
1771298579375,,,,,,,,0,,,,
1771298579392,,,,,,,,,,-102.7516860961914,,
1771298579411,,,,,,,,,,,27.912087912087888,
1771298579426,,,,,,,,,,,,0
1771298579462,-101.12440490722656,,,,,,,,,,,
1771298579480,,0,,,,,,,,,,
1771298579497,,,21.538461538461522,,,,,,,,,
1771298579512,,,,-0.03752775862812996,,,,,,,,
1771298579530,,,,,,0,,,,,,
1771298579567,,,,,0.0732600732600732,,,,,,,
1771298579587,,,,,,,-0.06081140413880348,,,,,
1771298579603,,,,,,,,,0,,,
1771298579623,,,,,,,,0,,,,
1771298579660,,,,,,,,,,-104.1089859008789,,
1771298579679,,,,,,,,,,,,0
1771298579695,,,,,,,,,,,26.630036630036606,
1771298579714,-102.32118225097656,,,,,,,,,,,
1771298579735,,0,,,,,,,,,,
1771298579755,,,24.322344322344303,,,,,,,,,
1771298579771,,,,0.04684121534228325,,,,,,,,
1771298579787,,,,,,0,,,,,,
1771298579806,,,,,0.1098901098901098,,,,,,,
1771298579842,,,,,,,-0.025475047528743744,,,,,
1771298579858,,,,,,,,0,,,,
1771298579875,,,,,,,,,0,,,
1771298579893,,,,,,,,,,-105.0003433227539,,
1771298579913,,,,,,,,,,,,0
1771298579929,,,,,,,,,,,26.410256410256387,
1771298579951,-101.7227783203125,,,,,,,,,,,
1771298579968,,0,,,,,,,,,,
1771298579983,,,20.329670329670314,,,,,,,,,
1771298580025,,,,-0.029994815587997437,,,,,,,,
1771298580041,,,,,,0,,,,,,
1771298580059,,,,,0,,,,,,,
1771298580077,,,,,,,-0.0016435513971373439,,,,,
1771298580094,,,,,,,,,0,,,
1771298580112,,,,,,,,0,,,,
1771298580132,,,,,,,,,,-103.33706665039062,,
1771298580168,,,,,,,,,,,,0
1771298580184,,,,,,,,,,,31.428571428571402,
1771298580220,-102.32118225097656,,,,,,,,,,,
1771298580239,,0,,,,,,,,,,
1771298580260,,,20.622710622710606,,,,,,,,,
1771298580275,,,,0.013833225704729557,,,,,,,,
1771298580290,,,,,,0,,,,,,
1771298580304,,,,,0.366300366300366,,,,,,,
1771298580320,,,,,,,0.03136444091796875,,,,,
1771298580338,,,,,,,,,0,,,
1771298580359,,,,,,,,0,,,,
1771298580400,,,,,,,,,,-103.1135482788086,,
1771298580423,,,,,,,,,,,30.769230769230745,
1771298580440,,,,,,,,,,,,0
1771298580458,,0,,,,,,,,,,
1771298580481,-101.72278594970703,,,,,,,,,,,
1771298580498,,,,-0.06765953451395035,,,,,,,,
1771298580516,,,23.26007326007324,,,,,,,,,
1771298580530,,,,,,0,,,,,,
1771298580547,,,,,0.2930402930402928,,,,,,,
1771298580563,,,,,,,0.019037805497646332,,,,,
1771298580602,,,,,,,,,0,,,
1771298580617,,,,,,,,0,,,,
1771298580636,,,,,,,,,,-102.46050262451172,,
1771298580695,,,,,,,,,,,21.46520146520145,
1771298580717,,,,,,,,,,,,0
1771298580733,,0,,,,,,,,,,
1771298580749,-102.32118225097656,,,,,,,,,,,
1771298580780,,,,0.0034240654204040766,,,,,,,,
1771298580795,,,21.46520146520145,,,,,,,,,
1771298580810,,,,,,0,,,,,,
1771298580824,,,,,0,,,,,,,
1771298580841,,,,,,,-0.018079066649079323,,,,,
1771298580856,,,,,,,,,0,,,
1771298580870,,,,,,,,0,,,,
1771298580886,,,,,,,,,,-103.1210708618164,,
1771298580903,,,,,,,,,,,29.41391941391939,
1771298580935,,,,,,,,,,,,0
1771298580950,-102.32115936279297,,,,,,,,,,,
1771298580965,,0,,,,,,,,,,
1771298580983,,,20.293040293040278,,,,,,,,,
1771298581000,,,,0.0208183191716671,,,,,,,,
1771298581022,,,,,0.3296703296703294,,,,,,,
1771298581039,,,,,,0,,,,,,
1771298581057,,,,,,,,,0,,,
1771298581076,,,,,,,0.014928925782442093,,,,,
1771298581096,,,,,,,,,,-103.84944152832031,,
1771298581137,,,,,,,,0,,,,
1771298581156,,,,,,,,,,,26.73992673992672,
1771298581177,,,,,,,,,,,,0
1771298581197,,0,,,,,,,,,,
1771298581218,-102.32115936279297,,,,,,,,,,,
1771298581237,,,,-0.06642687320709229,,,,,,,,
1771298581253,,,18.498168498168482,,,,,,,,,
1771298581269,,,,,0,,,,,,,
1771298581302,,,,,,0,,,,,,
1771298581326,,,,,,,,,0,,,
1771298581346,,,,,,,-0.026296822354197502,,,,,
1771298581369,,,,,,,,,,-103.51470947265625,,
1771298581389,,,,,,,,0,,,,
1771298581407,,,,,,,,,,,29.706959706959683,
1771298581423,,,,,,,,,,,,0
1771298581443,,0,,,,,,,,,,
1771298581465,-102.3211669921875,,,,,,,,,,,
1771298581500,,,,-0.015339813195168972,,,,,,,,
1771298581519,,,20.439560439560424,,,,,,,,,
1771298581537,,,,,0.732600732600732,,,,,,,
1771298581557,,,,,,0,,,,,,
1771298581572,,,,,,,,,0,,,
1771298581590,,,,,,,0.0024653272703289986,,,,,
1771298581610,,,,,,,,,,-104.34825897216797,,
1771298581630,,,,,,,,0,,,,
1771298581649,,,,,,,,,,,30.80586080586078,
1771298581697,,,,,,,,,,,,0
1771298581715,,0,,,,,,,,,,
1771298581755,-101.7227554321289,,,,,,,,,,,
1771298581774,,,,-0.016435515135526657,,,,,,,,
1771298581792,,,21.75824175824174,,,,,,,,,
1771298581811,,,,,0.2197802197802196,,,,,,,
1771298581830,,,,,,0,,,,,,
1771298581851,,,,,,,,,0,,,
1771298581895,,,,,,,-0.0024653272703289986,,,,,
1771298581914,,,,,,,,,,-102.89933013916016,,
1771298581940,,,,,,,,0,,,,
1771298581968,,,,,,,,,,,23.003663003662986,
1771298581991,,,,,,,,,,,,0
1771298582010,,0,,,,,,,,,,
1771298582026,-102.3211441040039,,,,,,,,,,,
1771298582047,,,,-0.08094491064548492,,,,,,,,
1771298582089,,,18.97435897435896,,,,,,,,,
1771298582107,,,,,0.366300366300366,,,,,,,
1771298582128,,,,,,0,,,,,,
1771298582146,,,,,,,,,0,,,
1771298582164,,,,,,,0.013559299521148205,,,,,
1771298582182,,,,,,,,,,-103.04779815673828,,
1771298582202,,,,,,,,0,,,,
1771298582216,,,,,,,,,,,31.611721611721585,
1771298582250,,,,,,,,,,,,0
1771298582267,,0,,,,,,,,,,
1771298582286,-101.72273254394531,,,,,,,,,,,
1771298582304,,,,-0.007532943971455097,,,,,,,,
1771298582321,,,20.14652014652013,,,,,,,,,
1771298582340,,,,,0.0366300366300366,,,,,,,
1771298582355,,,,,,0,,,,,,
1771298582375,,,,,,,,,0,,,
1771298582393,,,,,,,0.010135233402252197,,,,,
1771298582428,,,,,,,,,,-104.35442352294922,,
1771298582446,,,,,,,,0,,,,
1771298582464,,,,,,,,,,,26.153846153846132,
1771298582484,,,,,,,,,,,,0
1771298582500,,0,,,,,,,,,,
1771298582523,-102.32110595703125,,,,,,,,,,,
1771298582544,,,,0.019037805497646332,,,,,,,,
1771298582561,,,19.523809523809508,,,,,,,,,
1771298582580,,,,,0,,,,,,,
1771298582620,,,,,,0,,,,,,
1771298582639,,,,,,,,,0,,,
1771298582657,,,,,,,0.02807733789086342,,,,,
1771298582673,,,,,,,,,,-102.93042755126953,,
1771298582707,,,,,,,,0,,,,
1771298582756,,,,,,,,,,,24.212454212454194,
1771298582791,,,,,,,,,,,,0
1771298582807,,0,,,,,,,,,,
1771298582891,-102.32109069824219,,,,,,,,,,,
1771298582913,,,,-0.0523197241127491,,,,,,,,
1771298582933,,,19.853479853479836,,,,,,,,,
1771298582953,,,,,,0,,,,,,
1771298582973,,,,,0.4761904761904758,,,,,,,
1771298582997,,,,,,,,,0,,,
1771298583033,,,,,,,0.031775329262018204,,,,,
1771298583055,,,,,,,,,,-103.41677856445312,,
1771298583092,,,,,,,,0,,,,
1771298583110,,,,,,,,,,,25.20146520146518,
1771298583129,,,,,,,,,,,,0
1771298583150,-102.32108306884766,,,,,,,,,,,
1771298583171,,0,,,,,,,,,,
1771298583208,,,20.439560439560424,,,,,,,,,
1771298583242,,,,-0.008902570232748985,,,,,,,,
1771298583304,,,,,0,,,,,,,
1771298583324,,,,,,0,,,,,,
1771298583344,,,,,,,,,0,,,
1771298583388,,,,,,,0.002328364411368966,,,,,
1771298583408,,,,,,,,,,-103.32788848876953,,
1771298583429,,,,,,,,,,,,0
1771298583454,,,,,,,,0,,,,
1771298583474,,,,,,,,,,,29.047619047619023,
1771298583513,-101.72267150878906,,,,,,,,,,,
1771298583551,,0,,,,,,,,,,
1771298583586,,,20.80586080586079,,,,,,,,,
1771298583607,,,,-0.06916612386703491,,,,,,,,
1771298583623,,,,,,0,,,,,,
1771298583643,,,,,0,,,,,,,
1771298583658,,,,,,,,,0,,,
1771298583676,,,,,,,-0.03218621760606766,,,,,
1771298583696,,,,,,,,,,-103.10641479492188,,
1771298583713,,,,,,,,0,,,,
1771298583749,,,,,,,,,,,26.300366300366278,
1771298583768,,,,,,,,,,,,0
1771298583784,-102.3210678100586,,,,,,,,,,,
1771298583802,,0,,,,,,,,,,
1771298583819,,,19.633699633699617,,,,,,,,,
1771298583838,,,,-0.006163318175822496,,,,,,,,
1771298583859,,,,,0,,,,,,,
1771298583887,,,,,,0,,,,,,
1771298583927,,,,,,,0.009039533324539661,,,,,
1771298583947,,,,,,,,,0,,,
1771298583989,,,,,,,,0,,,,
1771298584013,,,,,,,,,,-104.79544067382812,,
1771298584039,,,,,,,,,,,,0
1771298584061,,,,,,,,,,,28.205128205128183,
1771298584082,,0,,,,,,,,,,
1771298584105,-101.72265625,,,,,,,,,,,
1771298584152,,,,-0.04382804036140442,,,,,,,,
1771298584172,,,22.161172161172143,,,,,,,,,
1771298584196,,,,,0,,,,,,,
1771298584215,,,,,,0,,,,,,
1771298584238,,,,,,,0.0209552813321352,,,,,
1771298584258,,,,,,,,,0,,,
1771298584278,,,,,,,,0,,,,
1771298584299,,,,,,,,,,-103.67234802246094,,
1771298584339,,,,,,,,,,,27.948717948717924,
1771298584358,,,,,,,,,,,,0
1771298584381,,0,,,,,,,,,,
1771298584400,-101.7226333618164,,,,,,,,,,,
1771298584423,,,,-0.014518038369715214,,,,,,,,
1771298584446,,,21.42857142857141,,,,,,,,,
1771298584466,,,,,,0,,,,,,
1771298584484,,,,,0,,,,,,,
1771298584506,,,,,,,-0.01520285103470087,,,,,
1771298584547,,,,,,,,,0,,,
1771298584568,,,,,,,,0,,,,
1771298584589,,,,,,,,,,-103.57017517089844,,
1771298584613,,,,,,,,,,,,0
1771298584634,,,,,,,,,,,30.402930402930377,
1771298584655,-100.52584075927734,,,,,,,,,,,
1771298584675,,0,,,,,,,,,,
1771298584698,,,22.930402930402913,,,,,,,,,
1771298584720,,,,0.001506588771007955,,,,,,,,
1771298584760,,,,,,0,,,,,,
1771298584779,,,,,0.0366300366300366,,,,,,,
1771298584802,,,,,,,-0.0032871027942746878,,,,,
1771298584824,,,,,,,,,0,,,
1771298584843,,,,,,,,0,,,,
1771298584859,,,,,,,,,,-103.02643585205078,,
1771298584879,,,,,,,,,,,,0
1771298584900,,,,,,,,,,,28.24175824175822,
1771298584921,-102.32105255126953,,,,,,,,,,,
1771298584963,,,19.70695970695969,,,,,,,,,
1771298584982,,0,,,,,,,,,,
1771298585001,,,,,,0,,,,,,
1771298585018,,,,0.030542666092514992,,,,,,,,
1771298585035,,,,,,,0.03410369157791138,,,,,
1771298585074,,,,,0.1465201465201464,,,,,,,
1771298585095,,,,,,,,0,,,,
1771298585116,,,,,,,,,0,,,
1771298585155,,,,,,,,,,-105.03443908691406,,
1771298585173,,,,,,,,,,,,0
1771298585192,,,,,,,,,,,24.395604395604376,
1771298585225,-102.32105255126953,,,,,,,,,,,
1771298585250,,,23.113553113553095,,,,,,,,,
1771298585268,,0,,,,,,,,,,
1771298585285,,,,,,0,,,,,,
1771298585313,,,,0.0362950935959816,,,,,,,,
1771298585333,,,,,,,-0.004793691914528608,,,,,
1771298585375,,,,,0,,,,,,,
1771298585394,,,,,,,,0,,,,
1771298585413,,,,,,,,,0,,,
1771298585433,,,,,,,,,,,,0
1771298585459,,,,,,,,,,-104.16801452636719,,
1771298585483,-102.3210220336914,,,,,,,,,,,
1771298585501,,,,,,,,,,,27.728937728937705,
1771298585522,,,17.43589743589742,,,,,,,,,
1771298585563,,0,,,,,,,,,,
1771298585583,,,,,,0,,,,,,
1771298585607,,,,0.021503131836652756,,,,,,,,
1771298585627,,,,,,,0.007122056558728218,,,,,
1771298585650,,,,,0,,,,,,,
1771298585670,,,,,,,,0,,,,
1771298585692,,,,,,,,,0,,,
1771298585719,,,,,,,,,,,,0
1771298585743,,,,,,,,,,-103.092041015625,,
1771298585786,-102.9194107055664,,,,,,,,,,,
1771298585809,,,,,,,,,,,24.725274725274705,
1771298585831,,,21.172161172161154,,,,,,,,,
1771298585853,,0,,,,,,,,,,
1771298585870,,,,,,0,,,,,,
1771298585892,,,,0.010272196494042873,,,,,,,,
1771298585917,,,,,,,0.007259019184857607,,,,,
1771298585937,,,,,0,,,,,,,
1771298585975,,,,,,,,0,,,,
1771298586013,,,,,,,,,0,,,
1771298586039,,,,,,,,,,,,0
1771298586058,,,,,,,,,,-103.1928482055664,,
1771298586078,-102.32100677490234,,,,,,,,,,,
1771298586100,,,,,,,,,,,29.597069597069574,
1771298586118,,0,,,,,,,,,,
1771298586143,,,20.98901098901097,,,,,,,,,
1771298586222,,,,0.014381075277924538,,,,,,,,
1771298586246,,,,,,0,,,,,,
1771298586267,,,,,0.0366300366300366,,,,,,,
1771298586286,,,,,,,,,0,,,
1771298586304,,,,,,,-0.0009587383246980608,,,,,
1771298586331,,,,,,,,,,-103.62098693847656,,
1771298586352,,,,,,,,,,,,0
1771298586377,,,,,,,,0,,,,
1771298586415,,,,,,,,,,,24.35897435897434,
1771298586438,-102.32101440429688,,,,,,,,,,,
1771298586489,,,20.9157509157509,,,,,,,,,
1771298586511,,0,,,,,,,,,,
1771298586534,,,,-0.03246013820171356,,,,,,,,
1771298586552,,,,,,0,,,,,,
1771298586574,,,,,0.732600732600732,,,,,,,
1771298586593,,,,,,,-0.017531216144561768,,,,,
1771298586617,,,,,,,,,0,,,
1771298586639,,,,,,,,0,,,,
1771298586662,,,,,,,,,,-103.71768188476562,,
1771298586703,,,,,,,,,,,,0
1771298586740,,,,,,,,,,,27.106227106227085,
1771298586764,-102.9194107055664,,,,,,,,,,,
1771298586784,,0,,,,,,,,,,
1771298586805,,,19.230769230769216,,,,,,,,,
1771298586822,,,,,,0,,,,,,
1771298586842,,,,0.03410369157791138,,,,,,,,
1771298586859,,,,,,,-0.010135233402252197,,,,,
1771298586902,,,,,0,,,,,,,
1771298586926,,,,,,,,0,,,,
1771298586946,,,,,,,,,0,,,
1771298586967,,,,,,,,,,,,0
1771298586986,,,,,,,,,,-103.71110534667969,,
