Timestamp,SparkMax/////5e2edcf3-cb89-490e-ad3b-ad742be67f38 Current,SparkMax/////e62ff991-025d-4594-b04f-7ead8f58ef50 Ext EEPROM Warning,SparkMax/////e62ff991-025d-4594-b04f-7ead8f58ef50 Primary Encoder Velocity,SparkMax/////0fbe6779-b3fb-47f4-a4e4-9bb8ac67eb90 Ext EEPROM Sticky Warning,SparkMax/////e62ff991-025d-4594-b04f-7ead8f58ef50 Current,SparkMax/////0fbe6779-b3fb-47f4-a4e4-9bb8ac67eb90 Primary Encoder Velocity,SparkMax/////0fbe6779-b3fb-47f4-a4e4-9bb8ac67eb90 Current,SparkMax/////825fbe63-969a-45f6-a698-b89e5f86de1a Brownout Warning,SparkMax/////825fbe63-969a-45f6-a698-b89e5f86de1a Primary Encoder Velocity,SparkMax/////5e2edcf3-cb89-490e-ad3b-ad742be67f38 Brownout Sticky Warning,SparkMax/////825fbe63-969a-45f6-a698-b89e5f86de1a Current,SparkMax/////5e2edcf3-cb89-490e-ad3b-ad742be67f38 Primary Encoder Velocity
1771296519514,0
1771296519530,,0
1771296519545,,,-6.340958595275879
1771296519560,,,,0
1771296519574,,,,,12.893772893772883
1771296519592,,,,,,-5.982810020446777
1771296519606,,,,,,,0.0732600732600732
1771296519626,,,,,,,,0
1771296519642,,,,,,,,,-0.029036076739430428
1771296519658,,,,,,,,,,0
1771296519670,,,,,,,,,,,0
1771296519684,,,,,,,,,,,,-0.021092243492603302
1771296519699,0,,,,,,,,,,,
1771296519723,,0,,,,,,,,,,
1771296519744,,,-6.346848011016846,,,,,,,,,
1771296519757,,,,0,,,,,,,,
1771296519771,,,,,15.018315018315006,,,,,,,
1771296519784,,,,,,-6.5812087059021,,,,,,
1771296519797,,,,,,,0.0732600732600732,,,,,
1771296519810,,,,,,,,0,,,,
1771296519824,,,,,,,,,0.004519766662269831,,,
1771296519839,,,,,,,,,,0,,
1771296519853,,,,,,,,,,,0.1098901098901098,
1771296519865,,,,,,,,,,,,0.013559299521148205
1771296519878,0,,,,,,,,,,,
1771296519892,,0,,,,,,,,,,
1771296519904,,,-6.922638893127441,,,,,,,,,
1771296519921,,,,,12.124542124542115,,,,,,,
1771296519936,,,,0,,,,,,,,
1771296519952,,,,,,-7.17960786819458,,,,,,
1771296519964,,,,,,,0,,,,,
1771296519978,,,,,,,,0,,,,
1771296519991,,,,,,,,,-0.010546121746301651,,,
1771296520004,,,,,,,,,,,0.2197802197802196,
1771296520017,,,,,,,,,,0,,
1771296520030,,,,,,,,,,,,-0.04286930337548256
1771296520045,0,,,,,,,,,,,
1771296520063,,0,,,,,,,,,,
1771296520079,,,-6.946332931518555,,,,,,,,,
1771296520094,,,,0,,,,,,,,
1771296520111,,,,,11.868131868131858,,,,,,,
1771296520129,,,,,,-7.17960786819458,,,,,,
1771296520166,,,,,,,0,,,,,
1771296520183,,,,,,,,0,,,,
1771296520199,,,,,,,,,,0,,
1771296520218,,,,,,,,,-0.018079066649079323,,,
1771296520239,,,,,,,,,,,,-0.016983363777399063
1771296520254,,,,,,,,,,,0.0366300366300366,
1771296520270,0,,,,,,,,,,,
1771296520286,,0,,,,,,,,,,
1771296520306,,,-6.8716888427734375,,,,,,,,,
1771296520326,,,,0,,,,,,,,
1771296520342,,,,,14.505494505494493,,,,,,,
1771296520362,,,,,,-6.5812087059021,,,,,,
1771296520382,,,,,,,0,,,,,
1771296520400,,,,,,,,0,,,,
1771296520416,,,,,,,,,0.023694533854722977,,,
1771296520437,,,,,,,,,,0,,
1771296520453,,,,,,,,,,,0.2564102564102562,
1771296520468,,,,,,,,,,,,0.018216028809547424
1771296520486,0,,,,,,,,,,,
1771296520504,,0,,,,,,,,,,
1771296520520,,,-5.918428897857666,,,,,,,,,
1771296520538,,,,0,,,,,,,,
1771296520555,,,,,15.970695970695958,,,,,,,
1771296520571,,,,,,-5.982810020446777,,,,,,
1771296520593,,,,,,,0.0732600732600732,,,,,
1771296520614,,,,,,,,0,,,,
1771296520632,,,,,,,,,0.21557918190956116,,,
1771296520648,,,,,,,,,,0,,
1771296520668,,,,,,,,,,,0.0366300366300366,
1771296520687,,,,,,,,,,,,0.1924324780702591
1771296520706,0,,,,,,,,,,,
1771296520725,,0,,,,,,,,,,
1771296520748,,,-6.293295860290527,,,,,,,,,
1771296520763,,,,0,,,,,,,,
1771296520779,,,,,14.798534798534787,,,,,,,
1771296520797,,,,,,-6.5812087059021,,,,,,
1771296520815,,,,,,,0.0732600732600732,,,,,
1771296520831,,,,,,,,0,,,,
1771296520850,,,,,,,,,-0.008765608072280884,,,
1771296520863,,,,,,,,,,0,,
1771296520880,,,,,,,,,,,0,
1771296520900,,,,,,,,,,,,-0.01260056160390377
1771296520918,0,,,,,,,,,,,
1771296520938,,0,,,,,,,,,,
1771296520960,,,-6.547497749328613,,,,,,,,,
1771296520974,,,,0,,,,,,,,
1771296520992,,,,,11.2087912087912,,,,,,,
1771296521010,,,,,,-6.5812087059021,,,,,,
1771296521031,,,,,,,0,,,,,
1771296521051,,,,,,,,0,,,,
1771296521072,,,,,,,,,-0.024790234863758087,,,
1771296521093,,,,,,,,,,0,,
1771296521112,,,,,,,,,,,0,
1771296521130,,,,,,,,,,,,-0.031912293285131454
1771296521146,,0,,,,,,,,,,
1771296521163,0,,,,,,,,,,,
1771296521186,,,-7.196701526641846,,,,,,,,,
1771296521203,,,,0,,,,,,,,
1771296521250,,,,,12.197802197802188,,,,,,,
1771296521271,,,,,,-6.5812087059021,,,,,,
1771296521289,,,,,,,0,,,,,
1771296521314,,,,,,,,0,,,,
1771296521336,,,,,,,,,,0,,
1771296521351,,,,,,,,,-0.014107149094343185,,,
1771296521378,,,,,,,,,,,,-0.020544392988085747
1771296521399,,,,,,,,,,,0,
1771296521417,0,,,,,,,,,,,
1771296521434,,0,,,,,,,,,,
1771296521453,,,-6.443406581878662,,,,,,,,,
1771296521473,,,,0,,,,,,,,
1771296521497,,,,,13.699633699633688,,,,,,,
1771296521518,,,,,,-5.982810020446777,,,,,,
1771296521536,,,,,,,0.0732600732600732,,,,,
1771296521555,,,,,,,,0,,,,
1771296521574,,,,,,,,,,0,,
1771296521595,,,,,,,,,0.015065887942910194,,,
1771296521612,,,,,,,,,,,,0.020544392988085747
1771296521631,,,,,,,,,,,0.1465201465201464,
1771296521652,0,,,,,,,,,,,
1771296521673,,0,,,,,,,,,,
1771296521694,,,-6.9259257316589355,,,,,,,,,
1771296521715,,,,0,,,,,,,,
1771296521738,,,,,14.908424908424896,,,,,,,
1771296521759,,,,,,-6.5812087059021,,,,,,
1771296521779,,,,,,,0,,,,,
1771296521800,,,,,,,,0,,,,
1771296521820,,,,,,,,,,0,,
1771296521840,,,,,,,,,0.027666451409459114,,,
1771296521855,,,,,,,,,,,,0.049580469727516174
1771296521877,,,,,,,,,,,0.1465201465201464,
1771296521895,0,,,,,,,,,,,
1771296521915,,0,,,,,,,,,,
1771296521940,,,-6.007043361663818,,,,,,,,,
1771296521958,,,,0,,,,,,,,
1771296521984,,,,,14.32234432234431,,,,,,,
1771296522003,,,,,,-5.982810020446777,,,,,,
1771296522022,,,,,,,0.0366300366300366,,,,,
1771296522042,,,,,,,,0,,,,
1771296522061,,,,,,,,,,0,,
1771296522084,,,,,,,,,-0.021640093997120857,,,
1771296522104,,,,,,,,,,,,-0.023831496015191078
1771296522123,,,,,,,,,,,0,
1771296522144,0,,,,,,,,,,,
1771296522164,,0,,,,,,,,,,
1771296522185,,,-5.946642875671387,,,,,,,,,
1771296522203,,,,0,,,,,,,,
1771296522221,,,,,15.677655677655665,,,,,,,
1771296522247,,,,,,-5.982810020446777,,,,,,
1771296522270,,,,,,,0.0732600732600732,,,,,
1771296522309,,,,,,,,0,,,,
1771296522336,,,,,,,,,,0,,
1771296522355,,,,,,,,,-0.027392523363232613,,,
1771296522384,,,,,,,,,,,,-0.03136444091796875
1771296522419,,,,,,,,,,,0,
1771296522440,,0,,,,,,,,,,
1771296522471,0,,,,,,,,,,,
1771296522487,,,-6.848268032073975,,,,,,,,,
1771296522506,,,,0,,,,,,,,
1771296522527,,,,,14.249084249084238,,,,,,,
1771296522545,,,,,,-6.5812087059021,,,,,,
1771296522565,,,,,,,0.0366300366300366,,,,,
1771296522582,,,,,,,,0,,,,
1771296522605,,,,,,,,,0.008080794475972652,,,
1771296522625,,,,,,,,,,0,,
1771296522646,,,,,,,,,,,0.0366300366300366,
1771296522668,,,,,,,,,,,,-0.02835126221179962
1771296522694,,0,,,,,,,,,,
1771296522718,0,,,,,,,,,,,
1771296522736,,,-6.6407694816589355,,,,,,,,,
1771296522754,,,,0,,,,,,,,
1771296522785,,,,,13.260073260073248,,,,,,,
1771296522802,,,,,,-6.5812087059021,,,,,,
1771296522824,,,,,,,,0,,,,
1771296522841,,,,,,,0,,,,,
1771296522859,,,,,,,,,-0.009724345989525318,,,
1771296522878,,,,,,,,,,0,,
1771296522900,,,,,,,,,,,0.1465201465201464,
1771296522920,,,,,,,,,,,,-0.010957010090351105
1771296522943,0,,,,,,,,,,,
1771296522964,,0,,,,,,,,,,
1771296522988,,,-6.69035005569458,,,,,,,,,
1771296523010,,,,0,,,,,,,,
1771296523028,,,,,13.04029304029303,,,,,,,
1771296523045,,,,,,-7.17960786819458,,,,,,
1771296523065,,,,,,,,0,,,,
1771296523089,,,,,,,0,,,,,
1771296523111,,,,,,,,,-0.028762150555849075,,,
1771296523130,,,,,,,,,,0,,
1771296523154,,,,,,,,,,,0,
1771296523176,,,,,,,,,,,,0.024653272703289986
1771296523201,,0,,,,,,,,,,
1771296523225,0,,,,,,,,,,,
1771296523247,,,-6.2320733070373535,,,,,,,,,
1771296523265,,,,0,,,,,,,,
1771296523285,,,,,16.15384615384614,,,,,,,
1771296523302,,,,,,-5.384410858154297,,,,,,
1771296523325,,,,,,,,0,,,,
1771296523347,,,,,,,0.0366300366300366,,,,,
1771296523367,,,,,,,,,0.03040570206940174,,,
1771296523414,,,,,,,,,,0,,
1771296523436,,,,,,,,,,,0.0366300366300366,
1771296523457,,,,,,,,,,,,-0.010683084838092327
1771296523477,,0,,,,,,,,,,
1771296523494,0,,,,,,,,,,,
1771296523512,,,-5.788177490234375,,,,,,,,,
1771296523531,,,,0,,,,,,,,
1771296523551,,,,,16.48351648351647,,,,,,,
1771296523572,,,,,,-6.5812087059021,,,,,,
1771296523594,,,,,,,0,,,,,
1771296523616,,,,,,,,0,,,,
1771296523634,,,,,,,,,-0.01561373844742775,,,
1771296523654,,,,,,,,,,0,,
1771296523676,,,,,,,,,,,0,
1771296523697,,,,,,,,,,,,-0.01876387931406498
1771296523719,,0,,,,,,,,,,
1771296523739,0,,,,,,,,,,,
1771296523761,,,-6.8478569984436035,,,,,,,,,
1771296523784,,,,0,,,,,,,,
1771296523809,,,,,14.908424908424896,,,,,,,
1771296523831,,,,,,-6.5812087059021,,,,,,
1771296523849,,,,,,,,0,,,,
1771296523867,,,,,,,0,,,,,
1771296523882,,,,,,,,,0.007122056558728218,,,
1771296523898,,,,,,,,,,0,,
1771296523918,,,,,,,,,,,0,
1771296523939,,,,,,,,,,,,0.014928925782442093
1771296523960,0,,,,,,,,,,,
1771296523979,,0,,,,,,,,,,
1771296523997,,,-6.729384422302246,,,,,,,,,
1771296524015,,,,0,,,,,,,,
1771296524036,,,,,13.47985347985347,,,,,,,
1771296524055,,,,,,-6.5812087059021,,,,,,
1771296524076,,,,,,,0,,,,,
1771296524094,,,,,,,,0,,,,
1771296524114,,,,,,,,,0.002054439391940832,,,
1771296524134,,,,,,,,,,0,,
1771296524153,,,,,,,,,,,0,
1771296524176,,,,,,,,,,,,0.0039719161577522755
1771296524202,0,,,,,,,,,,,
1771296524220,,0,,,,,,,,,,
1771296524242,,,,0,,,,,,,,
1771296524276,,,-6.578041076660156,,,,,,,,,
1771296524296,,,,,,-5.982810020446777,,,,,,
1771296524323,,,,,12.82051282051281,,,,,,,
1771296524346,,,,,,,,0,,,,
1771296524367,,,,,,,0,,,,,
1771296524401,,,,,,,,,-0.024379346519708633,,,
1771296524420,,,,,,,,,,0,,
1771296524440,,,,,,,,,,,0.1465201465201464,
1771296524464,,,,,,,,,,,,-0.006437242962419987
1771296524514,0,,,,,,,,,,,
1771296524534,,0,,,,,,,,,,
1771296524558,,,,0,,,,,,,,
1771296524581,,,-6.080592632293701,,,,,,,,,
1771296524601,,,,,,-6.5812087059021,,,,,,
1771296524621,,,,,14.505494505494493,,,,,,,
1771296524639,,,,,,,,0,,,,
1771296524659,,,,,,,0,,,,,
1771296524685,,,,,,,,,0.040267009288072586,,,
1771296524706,,,,,,,,,,0,,
1771296524726,,,,,,,,,,,0,
1771296524749,,,,,,,,,,,,0.012326636351644993
1771296524769,0,,,,,,,,,,,
1771296524789,,0,,,,,,,,,,
1771296524817,,,-6.249741554260254,,,,,,,,,
1771296524837,,,,0,,,,,,,,
1771296524856,,,,,15.384615384615373,,,,,,,
1771296524879,,,,,,-6.5812087059021,,,,,,
1771296524900,,,,,,,,0,,,,
1771296524922,,,,,,,0.2197802197802196,,,,,
1771296524943,,,,,,,,,0.022735795006155968,,,
1771296524960,,,,,,,,,,0,,
1771296524981,,,,,,,,,,,0,
1771296525001,,,,,,,,,,,,-0.007943832315504551
1771296525022,,0,,,,,,,,,,
1771296525048,0,,,,,,,,,,,
1771296525071,,,-6.503122329711914,,,,,,,,,
1771296525092,,,,0,,,,,,,,
1771296525117,,,,,12.234432234432225,,,,,,,
1771296525149,,,,,,-6.5812087059021,,,,,,
1771296525184,,,,,,,,0,,,,
1771296525211,,,,,,,0.0732600732600732,,,,,
1771296525231,,,,,,,,,0.0024653272703289986,,,
1771296525254,,,,,,,,,,0,,
1771296525273,,,,,,,,,,,0,
1771296525294,,,,,,,,,,,,-0.005615467205643654
1771296525315,,0,,,,,,,,,,
1771296525357,0,,,,,,,,,,,
1771296525385,,,-6.686789035797119,,,,,,,,,
1771296525406,,,,0,,,,,,,,
1771296525426,,,,,12.527472527472517,,,,,,,
1771296525446,,,,,,-6.5812087059021,,,,,,
1771296525466,,,,,,,,0,,,,
1771296525498,,,,,,,0,,,,,
1771296525518,,,,,,,,,0.005067616701126099,,,
1771296525544,,,,,,,,,,0,,
1771296525563,,,,,,,,,,,0.1465201465201464,
1771296525607,,,,,,,,,,,,0.002054439391940832
1771296525629,,0,,,,,,,,,,
1771296525650,0,,,,,,,,,,,
1771296525673,,,-7.1298627853393555,,,,,,,,,
1771296525698,,,,0,,,,,,,,
1771296525718,,,,,10.695970695970686,,,,,,,
1771296525743,,,,,,-7.17960786819458,,,,,,
1771296525763,,,,,,,,0,,,,
1771296525784,,,,,,,0.0732600732600732,,,,,
1771296525806,,,,,,,,,-0.0065742055885493755,,,
1771296525827,,,,,,,,,,0,,
1771296525844,,,,,,,,,,,0.0732600732600732,
1771296525864,,,,,,,,,,,,0.024379346519708633
1771296525883,,0,,,,,,,,,,
1771296525902,0,,,,,,,,,,,
1771296525924,,,-6.767186641693115,,,,,,,,,
1771296525944,,,,,12.637362637362626,,,,,,,
1771296525967,,,,0,,,,,,,,
1771296525992,,,,,,-6.5812087059021,,,,,,
1771296526018,,,,,,,,0,,,,
1771296526038,,,,,,,0.0366300366300366,,,,,
1771296526065,,,,,,,,,0.01985958032310009,,,
1771296526087,,,,,,,,,,0,,
1771296526106,,,,,,,,,,,0,
1771296526124,,,,,,,,,,,,0.024653272703289986
1771296526149,,0,,,,,,,,,,
1771296526183,0,,,,,,,,,,,
1771296526207,,,-5.914183139801025,,,,,,,,,
1771296526234,,,,0,,,,,,,,
1771296526257,,,,,12.49084249084248,,,,,,,
1771296526282,,,,,,-5.982810020446777,,,,,,
1771296526307,,,,,,,,0,,,,
1771296526329,,,,,,,0.0366300366300366,,,,,
1771296526355,,,,,,,,,-0.01657247729599476,,,
1771296526374,,,,,,,,,,0,,
1771296526400,,,,,,,,,,,0,
1771296526420,,,,,,,,,,,,-0.017394253984093666
1771296526444,,0,,,,,,,,,,
1771296526466,0,,,,,,,,,,,
1771296526492,,,-6.5666728019714355,,,,,,,,,
1771296526515,,,,0,,,,,,,,
1771296526536,,,,,10.54945054945054,,,,,,,
1771296526565,,,,,,-7.17960786819458,,,,,,
1771296526586,,,,,,,,0,,,,
1771296526606,,,,,,,0.0366300366300366,,,,,
1771296526633,,,,,,,,,-0.003697990905493498,,,
1771296526655,,,,,,,,,,0,,
1771296526681,,,,,,,,,,,0,
1771296526724,,,,,,,,,,,,-0.004656728822737932
1771296526743,,0,,,,,,,,,,
1771296526762,0,,,,,,,,,,,
1771296526785,,,-6.866347312927246,,,,,,,,,
1771296526807,,,,0,,,,,,,,
1771296526826,,,,,12.564102564102553,,,,,,,
1771296526846,,,,,,-7.17960786819458,,,,,,
1771296526864,,,,,,,,0,,,,
1771296526899,,,,,,,0,,,,,
1771296526925,,,,,,,,,-0.0053415424190461636,,,
1771296526953,,,,,,,,,,0,,
1771296526977,,,,,,,,,,,0,
1771296526997,,,,,,,,,,,,0.012326636351644993
1771296527024,,0,,,,,,,,,,
1771296527043,0,,,,,,,,,,,
1771296527067,,,-6.384101867675781,,,,,,,,,
1771296527086,,,,0,,,,,,,,
1771296527113,,,,,14.945054945054933,,,,,,,
1771296527134,,,,,,-5.982810020446777,,,,,,
1771296527158,,,,,,,,0,,,,
1771296527178,,,,,,,0,,,,,
1771296527199,,,,,,,,,0.022324908524751663,,,
1771296527225,,,,,,,,,,0,,
1771296527246,,,,,,,,,,,0,
1771296527268,,,,,,,,,,,,-0.004108878783881664
1771296527291,,0,,,,,,,,,,
1771296527313,0,,,,,,,,,,,
1771296527335,,,-6.359174728393555,,,,,,,,,
1771296527356,,,,0,,,,,,,,
1771296527385,,,,,15.384615384615373,,,,,,,
1771296527408,,,,,,-6.5812087059021,,,,,,
1771296527432,,,,,,,,0,,,,
1771296527456,,,,,,,0.1098901098901098,,,,,
1771296527475,,,,,,,,,0.00999827217310667,,,
1771296527494,,,,,,,,,,0,,
1771296527521,,,,,,,,,,,0,
1771296527546,,,,,,,,,,,,0.013833225704729557
1771296527570,,0,,,,,,,,,,
1771296527591,0,,,,,,,,,,,
1771296527615,,,-6.402454853057861,,,,,,,,,
1771296527634,,,,0,,,,,,,,
1771296527660,,,,,15.164835164835152,,,,,,,
1771296527682,,,,,,-6.5812087059021,,,,,,
1771296527702,,,,,,,,0,,,,
1771296527722,,,,,,,0.0366300366300366,,,,,
1771296527743,,,,,,,,,-0.009039533324539661,,,
1771296527768,,,,,,,,,,0,,
1771296527802,,,,,,,,,,,0.2564102564102562,
1771296527847,,,,,,,,,,,,-0.0010957010090351105
1771296527869,,0,,,,,,,,,,
1771296527888,0.0366300366300366,,,,,,,,,,,
1771296527907,,,,0,,,,,,,,
1771296527925,,,-6.74294376373291,,,,,,,,,
1771296527945,,,,,,-6.5812087059021,,,,,,
1771296527964,,,,,13.772893772893761,,,,,,,
1771296527985,,,,,,,,0,,,,
1771296528004,,,,,,,0,,,,,
1771296528025,,,,,,,,,-0.004793691914528608,,,
1771296528052,,,,,,,,,,,0.0366300366300366,
1771296528077,,,,,,,,,,0,,
1771296528099,,,,,,,,,,,,0.015887664631009102
1771296528120,,0,,,,,,,,,,
1771296528143,0,,,,,,,,,,,
1771296528166,,,-6.217281341552734,,,,,,,,,
1771296528187,,,,0,,,,,,,,
1771296528207,,,,,15.934065934065922,,,,,,,
1771296528230,,,,,,-6.5812087059021,,,,,,
1771296528255,,,,,,,,0,,,,
1771296528294,,,,,,,0.0732600732600732,,,,,
1771296528315,,,,,,,,,0.0026022898964583874,,,
1771296528342,,,,,,,,,,0,,
1771296528367,,,,,,,,,,,0,
1771296528392,,,,,,,,,,,,0.013696261681616306
1771296528422,,0,,,,,,,,,,
1771296528453,0,,,,,,,,,,,
1771296528483,,,-7.0111165046691895,,,,,,,,,
1771296528505,,,,0,,,,,,,,
1771296528539,,,,,12.124542124542115,,,,,,,
1771296528565,,,,,,-6.5812087059021,,,,,,
1771296528596,,,,,,,,0,,,,
1771296528619,,,,,,,0,,,,,
1771296528644,,,,,,,,,-0.019174767658114433,,,
1771296528667,,,,,,,,,,0,,
1771296528696,,,,,,,,,,,0,
1771296528723,,,,,,,,,,,,0.00835471972823143
1771296528748,,0,,,,,,,,,,
1771296528779,0,,,,,,,,,,,
1771296528801,,,-7.2851786613464355,,,,,,,,,
1771296528825,,,,0,,,,,,,,
1771296528849,,,,,11.941391941391931,,,,,,,
1771296528876,,,,,,-6.5812087059021,,,,,,
1771296528899,,,,,,,,0,,,,
1771296528955,,,,,,,0.0366300366300366,,,,,
1771296528983,,,,,,,,,-0.003834953298792243,,,
1771296529006,,,,,,,,,,0,,
1771296529027,,,,,,,,,,,0.0366300366300366,
1771296529046,,0,,,,,,,,,,
1771296529083,,,,,,,,,,,,-0.030542666092514992
1771296529115,,,-6.834298133850098,,,,,,,,,
1771296529142,0,,,,,,,,,,,
1771296529168,,,,,10.805860805860798,,,,,,,
1771296529187,,,,0,,,,,,,,
1771296529224,,,,,,-6.5812087059021,,,,,,
1771296529247,,,,,,,,0,,,,
1771296529271,,,,,,,0.0366300366300366,,,,,
1771296529292,,,,,,,,,-0.01040915958583355,,,
1771296529316,,,,,,,,,,0,,
1771296529339,,,,,,,,,,,0,
1771296529362,,0,,,,,,,,,,
1771296529392,,,,,,,,,,,,0.030679626390337944
1771296529417,,,-6.8927812576293945,,,,,,,,,
1771296529445,0,,,,,,,,,,,
1771296529468,,,,0,,,,,,,,
1771296529489,,,,,10.622710622710613,,,,,,,
1771296529511,,,,,,-7.17960786819458,,,,,,
