Top Flywheel Target Velocity,Top Flywheel Measured Velocity,Top Flywheel Current,Bottom Flywheel Target Velocity,Bottom Flywheel Measured Velocity,Bottom Flywheel Current,Azimuth Target Velocity,Azimuth Measured Velocity,Azimuth Current,Hood Target Velocity,Hood Measured Velocity,Hood Current,
20.943951023931955,0.0,5.34798526763916,20.943951023931955,0.0,2.6007325649261475,5.235987755982989,0.0,4.395604610443115,5.235987755982989,0.0,3.443223476409912,
52.35987755982988,10.276437759399414,14.505494117736816,52.35987755982988,10.352041244506836,12.417582511901855,5.235987755982989,10.23726749420166,0.0,5.235987755982989,10.20508098602295,0.0,
78.53981633974483,43.997989654541016,24.065933227539062,78.53981633974483,43.96512222290039,20.512821197509766,5.235987755982989,10.095099449157715,0.0,5.235987755982989,10.074281692504883,0.0,
104.71975511965977,68.77301025390625,24.175825119018555,104.71975511965977,68.77383422851562,21.28205108642578,5.235987755982989,11.984772682189941,0.0,5.235987755982989,11.962994575500488,0.0,
5.235987755982989,95.21733856201172,23.076923370361328,5.235987755982989,95.26171112060547,24.761905670166016,5.235987755982989,13.019935607910156,0.0,20.943951023931955,13.147721290588379,0.0,
20.943951023931955,6.279733657836914,2.0512821674346924,20.943951023931955,6.492025375366211,0.0,5.235987755982989,6.68610143661499,0.32967033982276917,20.943951023931955,7.08589506149292,14.688644409179688,
52.35987755982988,14.700328826904297,11.648351669311523,52.35987755982988,14.628560066223145,7.875457763671875,5.235987755982989,14.611303329467773,0.0,20.943951023931955,14.591717720031738,9.523809432983398,
78.53981633974483,45.902042388916016,19.450550079345703,78.53981633974483,45.81986618041992,16.77655601501465,5.235987755982989,15.976956367492676,0.0,20.943951023931955,18.394073486328125,4.395604610443115,
104.71975511965977,70.76896667480469,23.150182723999023,104.71975511965977,70.78211212158203,21.61172103881836,5.235987755982989,17.022802352905273,0.0,20.943951023931955,21.10798454284668,3.846153736114502,
5.235987755982989,95.13282775878906,25.714284896850586,5.235987755982989,95.0729751586914,22.78388214111328,5.235987755982989,18.04564094543457,0.0,52.35987755982988,21.145923614501953,2.893772840499878,
20.943951023931955,9.376320838928223,0.0,20.943951023931955,9.36988353729248,0.0,5.235987755982989,11.358168601989746,0.0,52.35987755982988,29.762239456176758,29.670330047607422,
52.35987755982988,18.71675682067871,7.106226921081543,52.35987755982988,18.747161865234375,4.3223443031311035,5.235987755982989,18.914257049560547,0.0,52.35987755982988,33.158363342285156,29.487178802490234,
78.53981633974483,46.29869079589844,20.439559936523438,78.53981633974483,46.31923294067383,18.681318283081055,5.235987755982989,20.614097595214844,0.0,52.35987755982988,46.01065444946289,19.743589401245117,
104.71975511965977,70.73582458496094,23.809524536132812,104.71975511965977,70.7436294555664,20.91575050354004,5.235987755982989,22.05768394470215,0.0,52.35987755982988,47.73337173461914,18.205127716064453,
5.235987755982989,96.41397094726562,23.992673873901367,5.235987755982989,96.4742431640625,18.60805892944336,5.235987755982989,23.347734451293945,0.0,78.53981633974483,48.034549713134766,15.970695495605469,
20.943951023931955,8.648090362548828,0.0,20.943951023931955,8.585908889770508,0.0,5.235987755982989,14.527755737304688,0.0,78.53981633974483,54.88637924194336,31.355310440063477,
52.35987755982988,21.00676918029785,8.571428298950195,52.35987755982988,21.1016845703125,3.4065933227539062,5.235987755982989,20.913087844848633,0.0,78.53981633974483,52.7396240234375,30.769229888916016,
78.53981633974483,52.82399368286133,18.27838897705078,78.53981633974483,52.848785400390625,13.55311393737793,5.235987755982989,20.692167282104492,0.0,78.53981633974483,58.17964172363281,28.60805892944336,
104.71975511965977,71.13945770263672,26.66666603088379,104.71975511965977,71.16383361816406,20.366300582885742,5.235987755982989,22.3792724609375,0.0,78.53981633974483,67.21040344238281,21.39194107055664,
5.235987755982989,94.58401489257812,23.4798526763916,5.235987755982989,94.53265380859375,20.549449920654297,5.235987755982989,23.08791732788086,0.0,104.71975511965977,69.56397247314453,18.0219783782959,
20.943951023931955,9.036515235900879,0.0,20.943951023931955,9.10965347290039,0.0,5.235987755982989,15.38144302368164,0.0,104.71975511965977,74.99262237548828,36.30036544799805,
52.35987755982988,21.35396957397461,8.241758346557617,52.35987755982988,21.387937545776367,3.1868131160736084,5.235987755982989,21.513668060302734,0.0,104.71975511965977,75.02288818359375,32.380950927734375,
78.53981633974483,52.845909118652344,16.41025733947754,78.53981633974483,52.83631896972656,12.234432220458984,5.235987755982989,22.04864501953125,0.0,104.71975511965977,74.18262481689453,39.67033004760742,
104.71975511965977,77.51314544677734,22.930402755737305,104.71975511965977,77.48739624023438,13.992673873901367,5.235987755982989,24.795839309692383,0.0,104.71975511965977,78.8867416381836,33.0402946472168,
5.235987755982989,95.94131469726562,27.435897827148438,5.235987755982989,96.02281188964844,19.377288818359375,20.943951023931955,24.797895431518555,0.0,5.235987755982989,90.33065032958984,25.494504928588867,
20.943951023931955,7.336674213409424,0.5494505763053894,20.943951023931955,7.469527244567871,0.0,20.943951023931955,7.319689750671387,4.468864440917969,5.235987755982989,7.545679092407227,0.0,
52.35987755982988,15.298991203308105,12.673993110656738,52.35987755982988,15.421710014343262,9.084249496459961,20.943951023931955,15.577573776245117,16.483516693115234,5.235987755982989,15.39281177520752,0.0,
78.53981633974483,44.667877197265625,21.831501007080078,78.53981633974483,44.64335632324219,18.241758346557617,20.943951023931955,20.400983810424805,15.274724960327148,5.235987755982989,18.621841430664062,0.0,
104.71975511965977,69.8639144897461,21.575092315673828,104.71975511965977,69.8604965209961,18.351648330688477,20.943951023931955,20.390165328979492,12.527472496032715,5.235987755982989,20.149385452270508,0.0,
5.235987755982989,96.15977478027344,32.63736343383789,5.235987755982989,96.09526062011719,23.992673873901367,20.943951023931955,23.168039321899414,6.483516693115234,20.943951023931955,19.57441520690918,0.0,
20.943951023931955,8.81395149230957,0.0,20.943951023931955,8.7966947555542,0.0,20.943951023931955,13.175798416137695,18.058609008789062,20.943951023931955,13.218805313110352,11.428571701049805,
52.35987755982988,19.938051223754883,6.996336936950684,52.35987755982988,19.847930908203125,6.739926815032959,20.943951023931955,19.868885040283203,12.527472496032715,20.943951023931955,19.71425437927246,5.201465129852295,
78.53981633974483,45.15436553955078,22.52747344970703,78.53981633974483,45.15162658691406,19.89011001586914,20.943951023931955,28.525604248046875,6.373626232147217,20.943951023931955,28.456300735473633,0.0,
104.71975511965977,70.90812683105469,21.28205108642578,104.71975511965977,70.90291595458984,18.571428298950195,20.943951023931955,32.31028747558594,2.124542236328125,20.943951023931955,32.40438461303711,0.0,
5.235987755982989,96.895263671875,26.44688606262207,5.235987755982989,96.83280944824219,22.710622787475586,20.943951023931955,31.46441078186035,2.2344322204589844,52.35987755982988,31.313751220703125,0.0,
20.943951023931955,10.289860725402832,0.03663003817200661,20.943951023931955,10.138790130615234,0.0,20.943951023931955,24.70681381225586,14.798534393310547,52.35987755982988,32.157440185546875,30.036630630493164,
52.35987755982988,25.18906021118164,3.809523820877075,52.35987755982988,25.14865493774414,3.1501832008361816,20.943951023931955,28.027334213256836,6.593406677246094,52.35987755982988,36.89264678955078,26.007326126098633,
78.53981633974483,47.18264389038086,18.937728881835938,78.53981633974483,47.132652282714844,16.41025733947754,20.943951023931955,37.206565856933594,0.0,52.35987755982988,46.76121139526367,15.787546157836914,
104.71975511965977,70.55284118652344,22.930402755737305,104.71975511965977,70.58914184570312,19.816850662231445,20.943951023931955,41.27284622192383,0.0,52.35987755982988,53.04478073120117,12.893773078918457,
5.235987755982989,96.86772918701172,20.10988998413086,5.235987755982989,96.92704010009766,18.71794891357422,20.943951023931955,42.753414154052734,0.0,78.53981633974483,55.52750015258789,14.212453842163086,
20.943951023931955,8.878050804138184,0.0,20.943951023931955,8.973376274108887,0.0,20.943951023931955,29.53392219543457,3.5164835453033447,78.53981633974483,52.48405456542969,32.56410217285156,
52.35987755982988,26.69879722595215,2.6373627185821533,52.35987755982988,26.637165069580078,0.0,20.943951023931955,30.288585662841797,8.461538314819336,78.53981633974483,56.94574737548828,26.959707260131836,
78.53981633974483,54.31853103637695,13.992673873901367,78.53981633974483,54.3664665222168,12.930402755737305,20.943951023931955,42.746429443359375,0.0,78.53981633974483,59.379981994628906,28.901098251342773,
104.71975511965977,73.81172180175781,22.490842819213867,104.71975511965977,73.7707748413086,18.4981689453125,20.943951023931955,44.168373107910156,0.0,78.53981633974483,71.35653686523438,18.71794891357422,
5.235987755982989,97.47406005859375,26.007326126098633,5.235987755982989,97.45967864990234,20.146520614624023,20.943951023931955,46.24184799194336,0.0,104.71975511965977,72.48209381103516,16.703296661376953,
20.943951023931955,9.825556755065918,0.5494505763053894,20.943951023931955,9.861167907714844,0.0,20.943951023931955,34.39116287231445,6.703296661376953,104.71975511965977,73.52424621582031,32.0512809753418,
52.35987755982988,27.410865783691406,2.8205127716064453,52.35987755982988,27.408126831054688,0.29304030537605286,20.943951023931955,34.349937438964844,0.18315018713474274,104.71975511965977,76.52605438232422,31.318681716918945,
78.53981633974483,54.87857437133789,15.018315315246582,78.53981633974483,54.872406005859375,15.2380952835083,20.943951023931955,44.71238708496094,0.0,104.71975511965977,76.7501220703125,36.0439567565918,
104.71975511965977,80.88871765136719,16.813186645507812,104.71975511965977,80.83338928222656,12.454212188720703,20.943951023931955,46.107486724853516,0.0,104.71975511965977,84.29456329345703,31.318681716918945,
5.235987755982989,96.53614044189453,21.428571701049805,5.235987755982989,96.59202575683594,17.58241844177246,52.35987755982988,48.27574157714844,0.0,5.235987755982989,93.63911437988281,22.19780158996582,
20.943951023931955,8.455794334411621,0.0,20.943951023931955,8.393340110778809,0.0,52.35987755982988,43.85664749145508,38.901100158691406,5.235987755982989,10.967825889587402,0.0,
52.35987755982988,20.024200439453125,6.739926815032959,52.35987755982988,20.11829376220703,3.5897436141967773,52.35987755982988,42.62055969238281,36.520145416259766,5.235987755982989,19.895044326782227,0.0,
78.53981633974483,47.97113800048828,21.5018310546875,78.53981633974483,47.9951057434082,18.827838897705078,52.35987755982988,47.774871826171875,31.172161102294922,5.235987755982989,25.220149993896484,0.0,
104.71975511965977,69.74942016601562,26.813186645507812,104.71975511965977,69.71572875976562,20.659339904785156,52.35987755982988,53.143802642822266,26.813186645507812,5.235987755982989,25.627201080322266,0.0,
5.235987755982989,95.64588928222656,20.402931213378906,5.235987755982989,95.64301300048828,18.9743595123291,52.35987755982988,55.061824798583984,24.065933227539062,20.943951023931955,24.5404052734375,0.0,
20.943951023931955,10.95946979522705,0.0,20.943951023931955,11.009187698364258,0.0,52.35987755982988,43.58518600463867,34.5421257019043,20.943951023931955,23.05805778503418,3.7728936672210693,
52.35987755982988,26.47595977783203,2.930402994155884,52.35987755982988,26.410490036010742,0.0,52.35987755982988,44.10454559326172,29.89011001586914,20.943951023931955,30.8049373626709,0.0,
78.53981633974483,49.18531036376953,15.787546157836914,78.53981633974483,49.25214767456055,13.296703338623047,52.35987755982988,49.38650894165039,29.963369369506836,20.943951023931955,42.454559326171875,0.0,
104.71975511965977,72.4942855834961,19.120878219604492,104.71975511965977,72.52647399902344,17.509157180786133,52.35987755982988,58.33605194091797,23.55311393737793,20.943951023931955,42.94954299926758,0.0,
5.235987755982989,95.6257553100586,22.74725341796875,5.235987755982989,95.69053649902344,24.212453842163086,52.35987755982988,60.68564987182617,19.89011001586914,52.35987755982988,43.88581848144531,0.0,
20.943951023931955,11.951353073120117,0.0,20.943951023931955,11.914510726928711,0.0,52.35987755982988,50.195960998535156,33.626373291015625,52.35987755982988,49.05327606201172,15.567765235900879,
52.35987755982988,27.714786529541016,3.992673873901367,52.35987755982988,27.755462646484375,0.0,52.35987755982988,52.04193878173828,28.53479766845703,52.35987755982988,51.765960693359375,19.30402946472168,
78.53981633974483,57.34663391113281,15.970695495605469,78.53981633974483,57.357177734375,0.8424908518791199,52.35987755982988,57.45606994628906,23.44322395324707,52.35987755982988,57.49044418334961,10.69597053527832,
104.71975511965977,73.48452758789062,20.329669952392578,104.71975511965977,73.5235595703125,16.300365447998047,52.35987755982988,66.19564819335938,16.483516693115234,52.35987755982988,66.3057632446289,4.65201473236084,
5.235987755982989,97.0915298461914,22.08791160583496,5.235987755982989,97.03852081298828,19.010988235473633,52.35987755982988,67.46131896972656,14.395604133605957,78.53981633974483,67.43475341796875,3.296703338623047,
20.943951023931955,10.352452278137207,0.0,20.943951023931955,10.147282600402832,0.0,52.35987755982988,62.331661224365234,19.450550079345703,78.53981633974483,63.40750503540039,24.432233810424805,
52.35987755982988,31.039552688598633,0.10989011079072952,52.35987755982988,31.020923614501953,0.0,52.35987755982988,63.30245590209961,18.38827896118164,78.53981633974483,63.492835998535156,25.16483497619629,
78.53981633974483,61.69205093383789,10.769230842590332,78.53981633974483,61.6828727722168,6.300366401672363,52.35987755982988,64.77110290527344,19.340660095214844,78.53981633974483,66.01568603515625,30.0,
104.71975511965977,77.43986511230469,21.28205108642578,104.71975511965977,77.45849609375,15.274724960327148,52.35987755982988,76.80368041992188,9.450549125671387,78.53981633974483,77.28414154052734,18.9743595123291,
5.235987755982989,98.77809143066406,19.706958770751953,5.235987755982989,98.84876251220703,18.681318283081055,52.35987755982988,80.0069580078125,12.161171913146973,104.71975511965977,83.3500747680664,11.355311393737793,
20.943951023931955,11.851644515991211,0.0,20.943951023931955,11.93519115447998,0.0,52.35987755982988,66.79267120361328,18.4981689453125,104.71975511965977,80.29813385009766,28.315017700195312,
52.35987755982988,30.14189910888672,0.0,52.35987755982988,30.078075408935547,0.0,52.35987755982988,68.3255615234375,15.018315315246582,104.71975511965977,82.33531951904297,27.36263656616211,
78.53981633974483,62.18579864501953,9.70695972442627,78.53981633974483,62.17702865600586,6.92307710647583,52.35987755982988,70.894287109375,14.54212474822998,104.71975511965977,85.2383804321289,25.53113555908203,
104.71975511965977,82.35079956054688,14.395604133605957,104.71975511965977,82.35791778564453,13.369963645935059,52.35987755982988,81.98934936523438,4.94505500793457,104.71975511965977,86.69894409179688,26.080585479736328,
5.235987755982989,100.98564910888672,19.597068786621094,5.235987755982989,100.95359802246094,17.80219841003418,78.53981633974483,82.84920501708984,5.4578752517700195,5.235987755982989,101.01797485351562,20.10988998413086,
20.943951023931955,9.854456901550293,0.4395604431629181,20.943951023931955,9.820627212524414,0.0,78.53981633974483,66.46026611328125,42.234432220458984,5.235987755982989,14.898239135742188,0.0,
52.35987755982988,22.464052200317383,6.92307710647583,52.35987755982988,22.510208129882812,2.0512821674346924,78.53981633974483,70.46436309814453,39.120880126953125,5.235987755982989,22.046865463256836,0.0,
78.53981633974483,49.70070266723633,16.739927291870117,78.53981633974483,49.75398254394531,15.531135559082031,78.53981633974483,69.59342193603516,37.875457763671875,5.235987755982989,26.440759658813477,0.0,
104.71975511965977,75.14218139648438,18.461538314819336,104.71975511965977,75.1269760131836,15.091574668884277,78.53981633974483,76.58029174804688,36.849815368652344,5.235987755982989,26.347078323364258,0.0,
5.235987755982989,94.08560943603516,20.329669952392578,5.235987755982989,94.03644561767578,19.157508850097656,78.53981633974483,81.04307556152344,28.71794891357422,20.943951023931955,28.707489013671875,0.0,
20.943951023931955,10.466815948486328,0.0,20.943951023931955,10.464899063110352,0.0,78.53981633974483,67.81988525390625,38.20512771606445,20.943951023931955,29.61199188232422,0.0,
52.35987755982988,27.096538543701172,4.871794700622559,52.35987755982988,27.041339874267578,0.0,78.53981633974483,72.32184600830078,39.89011001586914,20.943951023931955,35.25306701660156,0.0,
78.53981633974483,51.79198455810547,15.897436141967773,78.53981633974483,51.80047607421875,11.611721992492676,78.53981633974483,74.12921142578125,36.117218017578125,20.943951023931955,44.79237365722656,0.0,
104.71975511965977,75.13835144042969,18.168498992919922,104.71975511965977,75.17807006835938,14.468864440917969,78.53981633974483,75.15299987792969,31.61172103881836,20.943951023931955,45.628395080566406,0.0,
5.235987755982989,94.46417236328125,20.549449920654297,5.235987755982989,94.42350006103516,18.937728881835938,78.53981633974483,84.84844207763672,28.095237731933594,52.35987755982988,47.659000396728516,0.0,
20.943951023931955,11.036991119384766,0.0,20.943951023931955,11.167243003845215,0.0,78.53981633974483,75.90670776367188,38.42490768432617,52.35987755982988,57.35197830200195,10.915750503540039,
52.35987755982988,31.50002098083496,2.1611721515655518,52.35987755982988,31.51193618774414,0.0,78.53981633974483,75.4487075805664,31.61172103881836,52.35987755982988,56.65415573120117,10.952381134033203,
78.53981633974483,59.8451042175293,9.853479385375977,78.53981633974483,59.83620834350586,7.289377212524414,78.53981633974483,75.95121765136719,34.43223571777344,52.35987755982988,61.50947570800781,6.996336936950684,
104.71975511965977,79.257080078125,18.168498992919922,104.71975511965977,79.2848892211914,12.344322204589844,78.53981633974483,79.73015594482422,29.047618865966797,52.35987755982988,77.724609375,0.0,
5.235987755982989,98.17092895507812,19.340660095214844,5.235987755982989,98.13148498535156,19.560440063476562,78.53981633974483,90.55567932128906,25.018314361572266,78.53981633974483,76.71465301513672,0.0,
20.943951023931955,11.483352661132812,0.0,20.943951023931955,11.420212745666504,0.0,78.53981633974483,80.34757995605469,31.758241653442383,78.53981633974483,79.28639221191406,14.578754425048828,
52.35987755982988,32.57079315185547,0.03663003817200661,52.35987755982988,32.589969635009766,0.0,78.53981633974483,79.61264038085938,32.78388214111328,78.53981633974483,76.9187240600586,17.14285659790039,
78.53981633974483,62.28550720214844,8.864468574523926,78.53981633974483,62.265647888183594,5.860805988311768,78.53981633974483,84.45467376708984,28.168498992919922,78.53981633974483,80.15953063964844,13.809523582458496,
104.71975511965977,86.2061538696289,13.2600736618042,104.71975511965977,86.14547729492188,9.59706974029541,78.53981633974483,89.11605834960938,25.53113555908203,78.53981633974483,86.60088348388672,8.60805892944336,
5.235987755982989,101.49857330322266,19.743589401245117,5.235987755982989,101.46419525146484,17.21611785888672,78.53981633974483,97.15727233886719,22.930402755737305,104.71975511965977,96.00062561035156,3.040292978286743,
20.943951023931955,12.303621292114258,0.0,20.943951023931955,12.277050018310547,0.0,78.53981633974483,90.36009216308594,24.102563858032227,104.71975511965977,90.45294952392578,25.604394912719727,
52.35987755982988,32.18483352661133,0.0,52.35987755982988,32.257423400878906,0.0,78.53981633974483,90.40241241455078,25.128204345703125,104.71975511965977,90.6271743774414,22.41758155822754,
78.53981633974483,62.63229751586914,14.35897445678711,78.53981633974483,62.629695892333984,5.531135559082031,78.53981633974483,93.48969268798828,26.5201473236084,104.71975511965977,93.48379516601562,20.512821197509766,
104.71975511965977,88.83665466308594,13.443222999572754,104.71975511965977,88.83049774169922,12.820512771606445,78.53981633974483,96.83554077148438,22.673992156982422,104.71975511965977,96.78062438964844,21.062271118164062,
5.235987755982989,108.07674407958984,17.655677795410156,5.235987755982989,108.03031921386719,12.564102172851562,104.71975511965977,107.31428527832031,18.571428298950195,5.235987755982989,108.27342987060547,16.33699607849121,
20.943951023931955,11.126564979553223,0.0,20.943951023931955,11.242982864379883,0.0,104.71975511965977,89.23289489746094,44.72527313232422,5.235987755982989,15.638384819030762,0.0,
52.35987755982988,23.120513916015625,5.018314838409424,52.35987755982988,23.18379020690918,1.3186813592910767,104.71975511965977,90.56607818603516,44.908424377441406,5.235987755982989,23.00080680847168,0.0,
78.53981633974483,49.888065338134766,16.849817276000977,78.53981633974483,49.87025833129883,12.600732803344727,104.71975511965977,92.13348388671875,39.78022003173828,5.235987755982989,29.120433807373047,0.0,
104.71975511965977,71.85795593261719,19.853479385375977,104.71975511965977,71.86343383789062,16.813186645507812,104.71975511965977,95.48851776123047,39.120880126953125,5.235987755982989,30.87451171875,0.0,
5.235987755982989,96.79678344726562,17.399267196655273,5.235987755982989,96.81732940673828,15.091574668884277,104.71975511965977,97.1543960571289,37.03296661376953,20.943951023931955,30.70549964904785,0.0,
20.943951023931955,10.668699264526367,0.0,20.943951023931955,10.858255386352539,0.0,104.71975511965977,92.2730484008789,47.28937911987305,20.943951023931955,32.67543411254883,0.0,
52.35987755982988,30.18449592590332,1.0622711181640625,52.35987755982988,30.218597412109375,0.0,104.71975511965977,96.71529388427734,41.42856979370117,20.943951023931955,33.463924407958984,0.0,
78.53981633974483,52.04714584350586,12.637362480163574,78.53981633974483,52.01988983154297,10.29304027557373,104.71975511965977,97.62116241455078,43.516483306884766,20.943951023931955,47.60736846923828,0.0,
104.71975511965977,75.86164855957031,20.769229888916016,104.71975511965977,75.84384155273438,15.494505882263184,104.71975511965977,98.47183227539062,35.018314361572266,20.943951023931955,48.54843521118164,0.0,
5.235987755982989,99.07050323486328,16.263736724853516,5.235987755982989,99.12515258789062,14.065934181213379,104.71975511965977,99.43399810791016,21.684982299804688,52.35987755982988,48.48556900024414,0.0,
20.943951023931955,12.271023750305176,0.0,20.943951023931955,12.24787712097168,0.0,104.71975511965977,95.7353286743164,44.5054931640625,52.35987755982988,58.35810089111328,11.20879077911377,
52.35987755982988,31.872146606445312,0.0,52.35987755982988,31.85447883605957,0.0,104.71975511965977,100.58380126953125,41.17216110229492,52.35987755982988,57.78806686401367,8.90109920501709,
78.53981633974483,59.94193649291992,8.864468574523926,78.53981633974483,59.94207763671875,7.289377212524414,104.71975511965977,101.60568237304688,37.10622787475586,52.35987755982988,62.498756408691406,4.505494594573975,
104.71975511965977,80.28910064697266,18.058609008789062,104.71975511965977,80.2840347290039,11.575091361999512,104.71975511965977,104.38751983642578,36.117218017578125,52.35987755982988,76.28485870361328,0.0,
5.235987755982989,102.6435775756836,20.21977996826172,5.235987755982989,102.56824493408203,15.714285850524902,104.71975511965977,105.48554992675781,34.871795654296875,78.53981633974483,82.07837677001953,2.6007325649261475,
20.943951023931955,11.971076011657715,0.0,20.943951023931955,11.973130226135254,0.0,104.71975511965977,101.73017883300781,36.336997985839844,78.53981633974483,80.92515563964844,9.816849708557129,
52.35987755982988,32.28851318359375,0.32967033982276917,52.35987755982988,32.291526794433594,0.0,104.71975511965977,103.5271224975586,38.64468765258789,78.53981633974483,80.72217559814453,12.271061897277832,
78.53981633974483,61.067771911621094,11.135531425476074,78.53981633974483,61.06037521362305,4.3223443031311035,104.71975511965977,107.9488296508789,37.58241653442383,78.53981633974483,86.16944885253906,7.692307472229004,
104.71975511965977,86.96041107177734,9.89011001586914,104.71975511965977,86.98546600341797,11.355311393737793,104.71975511965977,108.95974731445312,39.377288818359375,78.53981633974483,90.07110595703125,6.996336936950684,
5.235987755982989,106.50880432128906,14.725275039672852,5.235987755982989,106.50660705566406,13.84615421295166,104.71975511965977,111.84828186035156,30.91575050354004,104.71975511965977,101.97766876220703,0.0,
20.943951023931955,12.367034912109375,0.0,20.943951023931955,12.29759407043457,0.0,104.71975511965977,106.76258850097656,32.82051467895508,104.71975511965977,101.79811096191406,14.102563858032227,
52.35987755982988,32.8807373046875,0.25641027092933655,52.35987755982988,32.86663055419922,0.0,104.71975511965977,108.10975646972656,33.11355209350586,104.71975511965977,104.8707275390625,14.725275039672852,
78.53981633974483,63.0445556640625,5.567765712738037,78.53981633974483,63.048248291015625,4.3223443031311035,104.71975511965977,108.64472961425781,36.88644790649414,104.71975511965977,107.43439483642578,18.461538314819336,
104.71975511965977,89.14373016357422,9.560439109802246,104.71975511965977,89.15153503417969,9.413919448852539,104.71975511965977,114.62548065185547,29.5238094329834,104.71975511965977,109.22956085205078,13.589743614196777,
