Timestamp,SparkMax/////0fbe6779-b3fb-47f4-a4e4-9bb8ac67eb90 Current,SparkMax/////825fbe63-969a-45f6-a698-b89e5f86de1a Primary Encoder Velocity,SparkMax/////5e2edcf3-cb89-490e-ad3b-ad742be67f38 Brownout Sticky Warning,SparkMax/////825fbe63-969a-45f6-a698-b89e5f86de1a Current,SparkMax/////5e2edcf3-cb89-490e-ad3b-ad742be67f38 Primary Encoder Velocity,SparkMax/////e62ff991-025d-4594-b04f-7ead8f58ef50 Ext EEPROM Warning,SparkMax/////5e2edcf3-cb89-490e-ad3b-ad742be67f38 Current,SparkMax/////e62ff991-025d-4594-b04f-7ead8f58ef50 Primary Encoder Velocity,SparkMax/////0fbe6779-b3fb-47f4-a4e4-9bb8ac67eb90 Ext EEPROM Sticky Warning,SparkMax/////e62ff991-025d-4594-b04f-7ead8f58ef50 Current,SparkMax/////0fbe6779-b3fb-47f4-a4e4-9bb8ac67eb90 Primary Encoder Velocity,SparkMax/////825fbe63-969a-45f6-a698-b89e5f86de1a Brownout Warning
1771295571630,0
1771295571651,,4.957499027252197
1771295571673,,,0
1771295571694,,,,14.175824175824165
1771295571712,,,,,4.137777805328369
1771295571732,,,,,,0
1771295571756,,,,,,,5.164835164835161
1771295571777,,,,,,,,-0.1420302391052246
1771295571798,,,,,,,,,0
1771295571819,,,,,,,,,,0
1771295571841,,,,,,,,,,,-9.986858913180185e-7
1771295571866,,,,,,,,,,,,0
1771295571890,0,,,,,,,,,,,
1771295571910,,5.983075141906738,,,,,,,,,,
1771295571959,,,0,,,,,,,,,
1771295571982,,,,12.564102564102553,,,,,,,,
1771295572002,,,,,4.775338649749756,,,,,,,
1771295572026,,,,,,0,,,,,,
1771295572048,,,,,,,5.7509157509157465,,,,,
1771295572066,,,,,,,,-0.020133504644036293,,,,
1771295572083,,,,,,,,,0,,,
1771295572103,,,,,,,,,,0,,
1771295572127,,,,,,,,,,,-9.986858913180185e-7,
1771295572145,,,,,,,,,,,,0
1771295572164,0,,,,,,,,,,,
1771295572183,,5.0906267166137695,,,,,,,,,,
1771295572202,,,,13.186813186813175,,,,,,,,
1771295572226,,,0,,,,,,,,,
1771295572244,,,,,5.158833980560303,,,,,,,
1771295572267,,,,,,0,,,,,,
1771295572288,,,,,,,5.787545787545783,,,,,
1771295572307,,,,,,,,-0.008491681888699532,,,,
1771295572326,,,,,,,,,0,,,
1771295572350,,,,,,,,,,0,,
1771295572371,,,,,,,,,,,-9.986858913180185e-7,
1771295572392,,,,,,,,,,,,0
1771295572429,0,,,,,,,,,,,
1771295572450,,5.103227138519287,,,,,,,,,,
1771295572474,,,0,,,,,,,,,
1771295572499,,,,12.893772893772883,,,,,,,,
1771295572518,,,,,4.697407245635986,,,,,,,
1771295572543,,,,,,0,,,,,,
1771295572568,,,,,,,5.8241758241758195,,,,,
1771295572589,,,,,,,,-0.06204406917095184,,,,
1771295572613,,,,,,,,,0,,,
1771295572640,,,,,,,,,,0,,
1771295572658,,,,,,,,,,,-9.986858913180185e-7,
1771295572681,,,,,,,,,,,,0
1771295572707,0,,,,,,,,,,,
1771295572731,,4.955992698669434,,,,,,,,,,
1771295572757,,,0,,,,,,,,,
1771295572779,,,,13.992673992673982,,,,,,,,
1771295572803,,,,,5.278950214385986,,,,,,,
1771295572825,,,,,,0,,,,,,
1771295572846,,,,,,,6.227106227106222,,,,,
1771295572872,,,,,,,,-0.05944177508354187,,,,
1771295572895,,,,,,,,,0,,,
1771295572919,,,,,,,,,,0,,
1771295572949,,,,,,,,,,,-9.986858913180185e-7,
1771295572974,,,,,,,,,,,,0
1771295572996,0,,,,,,,,,,,
1771295573053,,3.9746553897857666,,,,,,,,,,
1771295573081,,,0,,,,,,,,,
1771295573102,,,,11.978021978021967,,,,,,,,
1771295573125,,,,,5.284018039703369,,,,,,,
1771295573149,,,,,,0,,,,,,
1771295573171,,,,,,,6.520146520146515,,,,,
1771295573201,,,,,,,,0.006300280801951885,,,,
1771295573227,,,,,,,,,0,,,
1771295573254,,,,,,,,,,0,,
1771295573281,,,,,,,,,,,0.5983979105949402,
1771295573302,,,,,,,,,,,,0
1771295573351,0,,,,,,,,,,,
1771295573374,,4.927640914916992,,,,,,,,,,
1771295573394,,,0,,,,,,,,,
1771295573424,,,,11.611721611721602,,,,,,,,
1771295573442,,,,,5.294837951660156,,,,,,,
1771295573460,,,,,,0,,,,,,
1771295573482,,,,,,,5.164835164835161,,,,,
1771295573502,,,,,,,,-0.011230934411287308,,,,
1771295573521,,,,,,,,,0,,,
1771295573542,,,,,,,,,,0,,
1771295573561,,,,,,,,,,,-9.986858913180185e-7,
1771295573580,,,,,,,,,,,,0
1771295573597,0,,,,,,,,,,,
1771295573614,,5.934727668762207,,,,,,,,,,
1771295573631,,,,11.391941391941383,,,,,,,,
1771295573648,,,0,,,,,,,,,
1771295573665,,,,,6.409439563751221,,,,,,,
1771295573690,,,,,,0,,,,,,
1771295573736,,,,,,,5.27472527472527,,,,,
1771295573776,,,,,,,,0.00999827217310667,,,,
1771295573817,,,,,,,,,0,,,
1771295573841,,,,,,,,,,0,,
1771295573863,,,,,,,,,,,,0
1771295573891,,,,,,,,,,,-9.986858913180185e-7,
1771295573921,,5.800641059875488,,,,,,,,,,
1771295573944,0,,,,,,,,,,,
1771295573962,,,0,,,,,,,,,
1771295573998,,,,12.49084249084248,,,,,,,,
1771295574017,,,,,5.653406143188477,,,,,,,
1771295574053,,,,,,0,,,,,,
1771295574081,,,,,,,6.886446886446881,,,,,
1771295574101,,,,,,,,-0.0008217756985686719,,,,
1771295574139,,,,,,,,,0,,,
1771295574162,,,,,,,,,,0,,
1771295574193,,,,,,,,,,,-9.986858913180185e-7,
1771295574218,,,,,,,,,,,,0
1771295574243,0,,,,,,,,,,,
1771295574263,,4.833137035369873,,,,,,,,,,
1771295574280,,,0,,,,,,,,,
1771295574302,,,,13.260073260073248,,,,,,,,
1771295574323,,,,,4.914218902587891,,,,,,,
1771295574348,,,,,,0,,,,,,
1771295574370,,,,,,,7.142857142857137,,,,,
1771295574396,,,,,,,,-0.02821429818868637,,,,
1771295574418,,,,,,,,,0,,,
1771295574440,,,,,,,,,,0,,
1771295574462,,,,,,,,,,,-0.5983998775482178,
1771295574484,,,,,,,,,,,,0
1771295574502,0,,,,,,,,,,,
1771295574529,,3.6571760177612305,,,,,,,,,,
1771295574551,,,0,,,,,,,,,
1771295574571,,,,11.501831501831493,,,,,,,,
1771295574590,,,,,4.971195220947266,,,,,,,
1771295574607,,,,,,0,,,,,,
1771295574627,,,,,,,4.505494505494502,,,,,
1771295574645,,,,,,,,0.025885935872793198,,,,
1771295574666,,,,,,,,,,0,,
1771295574685,,,,,,,,,0,,,
1771295574705,,,,,,,,,,,-9.986858913180185e-7,
1771295574723,,,,,,,,,,,,0
1771295574744,0,,,,,,,,,,,
1771295574766,,6.154141426086426,,,,,,,,,,
1771295574785,,,,11.721611721611712,,,,,,,,
1771295574806,,,0,,,,,,,,,
1771295574826,,,,,,0,,,,,,
1771295574845,,,,,5.958832740783691,,,,,,,
1771295574867,,,,,,,,0.002191402018070221,,,,
1771295574887,,,,,,,5.201465201465197,,,,,
1771295574908,,,,,,,,,,0,,
1771295574934,,,,,,,,,0,,,
1771295574951,,,,,,,,,,,-9.986858913180185e-7,
1771295574970,,,,,,,,,,,,0
1771295574988,0,,,,,,,,,,,
1771295575010,,5.3726325035095215,,,,,,,,,,
1771295575029,,,,13.626373626373615,,,,,,,,
1771295575051,,,0,,,,,,,,,
1771295575076,,,,,5.410434722900391,,,,,,,
1771295575097,,,,,,0,,,,,,
1771295575116,,,,,,,5.641025641025636,,,,,
1771295575135,,,,,,,,0.010820046998560429,,,,
1771295575157,,,,,,,,,0,,,
1771295575176,,,,,,,,,,0,,
1771295575197,,,,,,,,,,,-9.986858913180185e-7,
1771295575241,,,,,,,,,,,,0
1771295575275,0,,,,,,,,,,,
1771295575295,,4.904768466949463,,,,,,,,,,
1771295575320,,,0,,,,,,,,,
1771295575340,,,,12.637362637362626,,,,,,,,
1771295575358,,,,,4.781365394592285,,,,,,,
1771295575377,,,,,,0,,,,,,
1771295575401,,,,,,,5.128205128205124,,,,,
1771295575425,,,,,,,,0.01972261816263199,,,,
1771295575442,,,,,,,,,0,,,
1771295575467,,,,,,,,,,0,,
1771295575490,,,,,,,,,,,-9.986858913180185e-7,
1771295575509,,,,,,,,,,,,0
1771295575527,0,,,,,,,,,,,
1771295575548,,5.574652671813965,,,,,,,,,,
1771295575583,,,0,,,,,,,,,
1771295575622,,,,13.47985347985347,,,,,,,,
1771295575641,,,,,5.245805263519287,,,,,,,
1771295575660,,,,,,0,,,,,,
1771295575678,,,,,,,5.9706959706959655,,,,,
1771295575700,,,,,,,,-0.018216028809547424,,,,
1771295575719,,,,,,,,,0,,,
1771295575739,,,,,,,,,,0,,
1771295575769,,,,,,,,,,,-9.986858913180185e-7,
1771295575796,0,,,,,,,,,,,
1771295575818,,,,,,,,,,,,0
1771295575841,,,0,,,,,,,,,
1771295575867,,5.1292500495910645,,,,,,,,,,
1771295575894,,,,,5.244161605834961,,,,,,,
1771295575917,,,,12.051282051282042,,,,,,,,
1771295575937,,,,,,,5.384615384615381,,,,,
1771295575960,,,,,,0,,,,,,
1771295575980,,,,,,,,-0.005204579792916775,,,,
1771295576004,,,,,,,,,0,,,
1771295576029,,,,,,,,,,0,,
1771295576048,,,,,,,,,,,-9.986858913180185e-7,
1771295576071,0,,,,,,,,,,,
1771295576095,,,,,,,,,,,,0
1771295576116,,,0,,,,,,,,,
1771295576141,,5.909389019012451,,,,,,,,,,
1771295576164,,,,,5.067069053649902,,,,,,,
1771295576183,,,,13.04029304029303,,,,,,,,
1771295576206,,,,,,,6.153846153846149,,,,,
1771295576227,,,,,,0,,,,,,
1771295576252,,,,,,,,-0.002876215148717165,,,,
1771295576276,,,,,,,,,0,,,
1771295576321,,,,,,,,,,0,,
1771295576348,,,,,,,,,,,-9.986858913180185e-7,
1771295576371,0,,,,,,,,,,,
1771295576391,,,,,,,,,,,,0
1771295576410,,,0,,,,,,,,,
1771295576435,,4.233651638031006,,,,,,,,,,
1771295576464,,,,,4.2673444747924805,,,,,,,
1771295576483,,,,13.699633699633688,,,,,,,,
1771295576507,,,,,,,6.117216117216112,,,,,
1771295576526,,,,,,0,,,,,,
1771295576591,,,,,,,,-0.0039719161577522755,,,,
1771295576643,,,,,,,,,0,,,
1771295576661,,,,,,,,,,0,,
1771295576682,,,,,,,,,,,-9.986858913180185e-7,
1771295576703,,,,,,,,,,,,0
1771295576724,,,0,,,,,,,,,
1771295576758,0,,,,,,,,,,,
1771295576780,,3.973559617996216,,,,,,,,,,
1771295576800,,,,,4.464296817779541,,,,,,,
1771295576831,,,,12.710622710622701,,,,,,,,
1771295576854,,,,,,,6.593406593406588,,,,,
1771295576873,,,,,,0,,,,,,
1771295576897,,,,,,,,0.00999827217310667,,,,
1771295576916,,,,,,,,,0,,,
1771295576936,,,,,,,,,,0,,
1771295576957,,,,,,,,,,,-9.986858913180185e-7,
1771295576976,0,,,,,,,,,,,
1771295576995,,,,,,,,,,,,0
1771295577012,,,0,,,,,,,,,
1771295577029,,3.7774291038513184,,,,,,,,,,
1771295577051,,,,,3.6890881061553955,,,,,,,
1771295577076,,,,13.443223443223433,,,,,,,,
1771295577094,,,,,,,5.641025641025636,,,,,
1771295577113,,,,,,0,,,,,,
1771295577130,,,,,,,,,0,,,
1771295577146,,,,,,,,0.010683084838092327,,,,
1771295577167,,,,,,,,,,,-9.986858913180185e-7,
1771295577190,,,,,,,,,,0,,
1771295577208,0,,,,,,,,,,,
1771295577231,,,,,,,,,,,,0
1771295577252,,,0,,,,,,,,,
1771295577269,,5.17184591293335,,,,,,,,,,
1771295577289,,,,,5.084189414978027,,,,,,,
1771295577311,,,,12.271062271062261,,,,,,,,
1771295577330,,,,,,,4.871794871794868,,,,,
1771295577351,,,,,,0,,,,,,
1771295577392,,,,,,,,,0,,,
1771295577415,,,,,,,,0.008080794475972652,,,,
1771295577437,,,,,,,,,,,-9.986858913180185e-7,
1771295577455,,,,,,,,,,0,,
1771295577476,0,,,,,,,,,,,
1771295577492,,,,,,,,,,,,0
1771295577518,,,0,,,,,,,,,
1771295577554,,5.526852607727051,,,,,,,,,,
1771295577575,,,,,5.5797200202941895,,,,,,,
1771295577592,,,,12.527472527472517,,,,,,,,
1771295577610,,,,,,,4.981684981684977,,,,,
1771295577632,,,,,,0,,,,,,
1771295577649,,,,,,,,,0,,,
1771295577684,,,,,,,,-0.004656728822737932,,,,
1771295577706,,,,,,,,,,,-9.986858913180185e-7,
1771295577731,,,,,,,,,,0,,
1771295577753,0,,,,,,,,,,,
1771295577775,,,,,,,,,,,,0
1771295577791,,,0,,,,,,,,,
1771295577810,,5.244435787200928,,,,,,,,,,
1771295577829,,,,,5.200334072113037,,,,,,,
1771295577847,,,,13.150183150183139,,,,,,,,
1771295577863,,,,,,,6.227106227106222,,,,,
1771295577884,,,,,,0,,,,,,
1771295577901,,,,,,,,,0,,,
1771295577924,,,,,,,,0.004656728822737932,,,,
1771295577941,,,,,,,,,,,-9.986858913180185e-7,
1771295577960,,,,,,,,,,0,,
1771295577984,0,,,,,,,,,,,
1771295578003,,,,,,,,,,,,0
1771295578021,,,0,,,,,,,,,
1771295578042,,4.85915994644165,,,,,,,,,,
1771295578060,,,,,5.990607738494873,,,,,,,
1771295578078,,,,12.673992673992663,,,,,,,,
1771295578095,,,,,,,6.300366300366295,,,,,
1771295578113,,,,,,0,,,,,,
1771295578133,,,,,,,,,0,,,
1771295578150,,,,,,,,0.014655000530183315,,,,
1771295578169,,,,,,,,,,,-9.986858913180185e-7,
1771295578187,,,,,,,,,,0,,
1771295578206,0,,,,,,,,,,,
1771295578224,,,,,,,,,,,,0
1771295578241,,,0,,,,,,,,,
1771295578259,,5.021734237670898,,,,,,,,,,
1771295578278,,,,,4.893126487731934,,,,,,,
1771295578301,,,,11.09890109890109,,,,,,,,
1771295578324,,,,,,,5.091575091575088,,,,,
1771295578357,,,,,,0,,,,,,
1771295578393,,,,,,,,,0,,,
1771295578438,,,,,,,,0,,,,
1771295578464,,,,,,,,,,,-9.986858913180185e-7,
1771295578503,,,,,,,,,,0,,
1771295578523,,,,,,,,,,,,0
1771295578551,0,,,,,,,,,,,
1771295578580,,,0,,,,,,,,,
1771295578598,,6.430531978607178,,,,,,,,,,
1771295578618,,,,,6.194682598114014,,,,,,,
1771295578639,,,,11.465201465201456,,,,,,,,
1771295578663,,,,,,,5.9706959706959655,,,,,
1771295578680,,,,,,0,,,,,,
1771295578718,,,,,,,,-0.008765608072280884,,,,
1771295578762,,,,,,,,,0,,,
1771295578784,,,,,,,,,,0,,
1771295578807,,,,,,,,,,,-9.986858913180185e-7,
1771295578830,,,,,,,,,,,,0
1771295578854,,,0,,,,,,,,,
1771295578888,0,,,,,,,,,,,
1771295578944,,5.998141288757324,,,,,,,,,,
1771295578967,,,,,5.782288074493408,,,,,,,
1771295579003,,,,14.43223443223442,,,,,,,,
1771295579042,,,,,,,6.959706959706954,,,,,
1771295579064,,,,,,0,,,,,,
1771295579132,,,,,,,,0.012326636351644993,,,,
1771295579154,,,,,,,,,0,,,
1771295579172,,,,,,,,,,0,,
1771295579196,,,,,,,,,,,,0
1771295579214,,,,,,,,,,,-9.986858913180185e-7,
1771295579237,,3.5389771461486816,,,,,,,,,,
1771295579257,,,0,,,,,,,,,
1771295579280,0,,,,,,,,,,,
1771295579299,,,,13.88278388278387,,,,,,,,
1771295579319,,,,,4.280629634857178,,,,,,,
1771295579340,,,,,,,6.886446886446881,,,,,
1771295579362,,,,,,0,,,,,,
1771295579385,,,,,,,,0.04574551433324814,,,,
1771295579408,,,,,,,,,,0,,
1771295579427,,,,,,,,,0,,,
1771295579450,,,,,,,,,,,-9.986858913180185e-7,
1771295579472,,,,,,,,,,,,0
1771295579494,0,,,,,,,,,,,
1771295579514,,3.490081548690796,,,,,,,,,,
1771295579535,,,0,,,,,,,,,
1771295579553,,,,14.139194139194128,,,,,,,,
1771295579572,,,,,3.868098497390747,,,,,,,
1771295579624,,,,,,0,,,,,,
1771295579648,,,,,,,6.007326007326002,,,,,
1771295579668,,,,,,,,-0.006848130840808153,,,,
1771295579731,,,,,,,,,0,,,
1771295579773,,,,,,,,,,0,,
1771295579793,,,,,,,,,,,-9.986858913180185e-7,
1771295579813,,,,,,,,,,,,0
1771295579836,,,0,,,,,,,,,
1771295579857,0,,,,,,,,,,,
1771295579882,,5.459056377410889,,,,,,,,,,
1771295579908,,,,,5.985403537750244,,,,,,,
1771295579926,,,,12.673992673992663,,,,,,,,
1771295579960,,,,,,,5.641025641025636,,,,,
1771295579980,,,,,,0,,,,,,
1771295580007,,,,,,,,-0.006437242962419987,,,,
1771295580033,,,,,,,,,0,,,
1771295580073,,,,,,,,,,0,,
1771295580092,,,,,,,,,,,-9.986858913180185e-7,
1771295580115,,,,,,,,,,,,0
1771295580162,0,,,,,,,,,,,
1771295580184,,,0,,,,,,,,,
1771295580239,,5.238683223724365,,,,,,,,,,
1771295580292,,,,,4.854776859283447,,,,,,,
1771295580315,,,,13.113553113553102,,,,,,,,
1771295580336,,,,,,0,,,,,,
1771295580358,,,,,,,7.545787545787539,,,,,
1771295580381,,,,,,,,,0,,,
1771295580404,,,,,,,,-0.010957010090351105,,,,
1771295580441,,,,,,,,,,,-9.986858913180185e-7,
1771295580462,,,,,,,,,,0,,
1771295580487,0,,,,,,,,,,,
1771295580509,,,,,,,,,,,,0
1771295580535,,3.020984649658203,,,,,,,,,,
1771295580561,,,0,,,,,,,,,
1771295580579,,,,13.260073260073248,,,,,,,,
1771295580604,,,,,2.9503118991851807,,,,,,,
1771295580624,,,,,,,6.556776556776551,,,,,
1771295580639,,,,,,0,,,,,,
1771295580656,,,,,,,,,0,,,
1771295580693,,,,,,,,-0.01670943945646286,,,,
1771295580710,,,,,,,,,,,-9.986858913180185e-7,
1771295580734,,,,,,,,,,0,,
1771295580752,0,,,,,,,,,,,
1771295580770,,,,,,,,,,,,0
1771295580794,,4.087649822235107,,,,,,,,,,
1771295580816,,,0,,,,,,,,,
1771295580837,,,,12.124542124542115,,,,,,,,
1771295580854,,,,,4.058887481689453,,,,,,,
1771295580873,,,,,,,5.8974358974358925,,,,,
1771295580895,,,,,,0,,,,,,
1771295580917,,,,,,,,,0,,,
1771295580940,,,,,,,,-0.023831496015191078,,,,
1771295580965,,,,,,,,,,,-9.986858913180185e-7,
1771295580986,,,,,,,,,,0,,
1771295581012,0,,,,,,,,,,,
1771295581033,,,,,,,,,,,,0
1771295581055,,5.3451032638549805,,,,,,,,,,
1771295581076,,,0,,,,,,,,,
1771295581096,,,,12.271062271062261,,,,,,,,
1771295581115,,,,,5.359758377075195,,,,,,,
1771295581138,,,,,,,4.688644688644684,,,,,
1771295581157,,,,,,0,,,,,,
1771295581181,,,,,,,,,0,,,
1771295581204,,,,,,,,0.0209552813321352,,,,
1771295581222,,,,,,,,,,,-9.986858913180185e-7,
1771295581243,,,,,,,,,,0,,
1771295581268,0,,,,,,,,,,,
1771295581290,,,,,,,,,,,,0
1771295581318,,6.168933391571045,,,,,,,,,,
1771295581340,,,0,,,,,,,,,
1771295581376,,,,12.637362637362626,,,,,,,,
1771295581415,,,,,6.423273086547852,,,,,,,
1771295581443,,,,,,0,,,,,,
1771295581465,,,,,,,4.578754578754575,,,,,
1771295581489,,,,,,,,,0,,,
1771295581524,,,,,,,,-0.020681357011198997,,,,
1771295581556,,,,,,,,,,,-9.986858913180185e-7,
1771295581577,,,,,,,,,,0,,
1771295581597,,,,,,,,,,,,0
1771295581622,0,,,,,,,,,,,
