Timestamp,SparkMax/////825fbe63-969a-45f6-a698-b89e5f86de1a Primary Encoder Velocity,SparkMax/////5e2edcf3-cb89-490e-ad3b-ad742be67f38 Brownout Sticky Warning,SparkMax/////825fbe63-969a-45f6-a698-b89e5f86de1a Current,SparkMax/////5e2edcf3-cb89-490e-ad3b-ad742be67f38 Primary Encoder Velocity,SparkMax/////e62ff991-025d-4594-b04f-7ead8f58ef50 Ext EEPROM Warning,SparkMax/////5e2edcf3-cb89-490e-ad3b-ad742be67f38 Current,SparkMax/////e62ff991-025d-4594-b04f-7ead8f58ef50 Primary Encoder Velocity,SparkMax/////0fbe6779-b3fb-47f4-a4e4-9bb8ac67eb90 Ext EEPROM Sticky Warning,SparkMax/////e62ff991-025d-4594-b04f-7ead8f58ef50 Current,SparkMax/////0fbe6779-b3fb-47f4-a4e4-9bb8ac67eb90 Primary Encoder Velocity,SparkMax/////0fbe6779-b3fb-47f4-a4e4-9bb8ac67eb90 Current,SparkMax/////825fbe63-969a-45f6-a698-b89e5f86de1a Brownout Warning
1771296069916,-0.0005478505045175552
1771296069950,,0
1771296069967,,,0
1771296069987,,,,0.00602635508403182
1771296070003,,,,,0
1771296070018,,,,,,0
1771296070029,,,,,,,305.9365539550781
1771296070046,,,,,,,,0
1771296070063,,,,,,,,,40.3296703296703
1771296070081,,,,,,,,,,0.00015799210814293474
1771296070097,,,,,,,,,,,0
1771296070114,,,,,,,,,,,,0
1771296070126,0.005478505045175552,,,,,,,,,,,
1771296070138,,,0,,,,,,,,,
1771296070149,,0,,,,,,,,,,
1771296070160,,,,0.005204579792916775,,,,,,,,
1771296070171,,,,,,0,,,,,,
1771296070181,,,,,0,,,,,,,
1771296070192,,,,,,,307.8885498046875,,,,,
1771296070204,,,,,,,,,36.52014652014649,,,
1771296070218,,,,,,,,0,,,,
1771296070229,,,,,,,,,,0.00015799210814293474,,
1771296070242,,,,,,,,,,,0,
1771296070257,,,,,,,,,,,,0
1771296070272,-0.0024653272703289986,,,,,,,,,,,
1771296070283,,,0,,,,,,,,,
1771296070294,,0,,,,,,,,,,
1771296070307,,,,-0.0031501404009759426,,,,,,,,
1771296070317,,,,,,0,,,,,,
1771296070329,,,,,0,,,,,,,
1771296070341,,,,,,,306.75396728515625,,,,,
1771296070351,,,,,,,,,44.24908424908421,,,
1771296070361,,,,,,,,0,,,,
1771296070373,,,,,,,,,,0.00015799210814293474,,
1771296070384,,,,,,,,,,,0,
1771296070395,,,,,,,,,,,,0
1771296070407,-0.00301317754201591,,,,,,,,,,,
1771296070417,,,0.183150183150183,,,,,,,,,
1771296070428,,0,,,,,,,,,,
1771296070440,,,,0.0034240654204040766,,,,,,,,
1771296070453,,,,,,0,,,,,,
1771296070465,,,,,0,,,,,,,
1771296070477,,,,,,,307.616943359375,,,,,
1771296070489,,,,,,,,,34.68864468864466,,,
1771296070501,,,,,,,,0,,,,
1771296070513,,,,,,,,,,0.00015799210814293474,,
1771296070524,,,,,,,,,,,0,
1771296070536,,,,,,,,,,,,0
1771296070547,-0.000684813130646944,,,,,,,,,,,
1771296070558,,,0,,,,,,,,,
1771296070571,,0,,,,,,,,,,
1771296070583,,,,0.00041088784928433597,,,,,,,,
1771296070598,,,,,,0,,,,,,
1771296070611,,,,,0,,,,,,,
1771296070625,,,,,,,307.85101318359375,,,,,
1771296070641,,,,,,,,,35.97069597069594,,,
1771296070654,,,,,,,,0,,,,
1771296070670,,,,,,,,,,0.00015799210814293474,,
1771296070682,,,,,,,,,,,0,
1771296070693,,,,,,,,,,,,0
1771296070707,-0.002739252522587776,,,,,,,,,,,
1771296070721,,,0,,,,,,,,,
1771296070735,,0,,,,,,,,,,
1771296070747,,,,0.0016435513971373439,,,,,,,,
1771296070761,,,,,,0,,,,,,
1771296070773,,,,,0,,,,,,,
1771296070789,,,,,,,307.3189392089844,,,,,
1771296070805,,,,,,,,,41.50183150183147,,,
1771296070818,,,,,,,,0,,,,
1771296070833,,,,,,,,,,0.00015799210814293474,,
1771296070852,,,,,,,,,,,0,
1771296070866,,,,,,,,,,,,0
1771296070882,0.001369626261293888,,,,,,,,,,,
1771296070898,,0,,,,,,,,,,
1771296070912,,,0,,,,,,,,,
1771296070927,,,,0.005478505045175552,,,,,,,,
1771296070940,,,,,,0,,,,,,
1771296070955,,,,,0,,,,,,,
1771296070969,,,,,,,308.17645263671875,,,,,
1771296070999,,,,,,,,0,,,,
1771296071017,,,,,,,,,35.89743589743587,,,
1771296071041,,,,,,,,,,0.00015799210814293474,,
1771296071059,,,,,,,,,,,0,
1771296071073,,,,,,,,,,,,0
1771296071091,,0,,,,,,,,,,
1771296071106,0.001369626261293888,,,,,,,,,,,
1771296071121,,,,-0.0016435513971373439,,,,,,,,
1771296071138,,,0.2197802197802196,,,,,,,,,
1771296071156,,,,,,0,,,,,,
1771296071169,,,,,0,,,,,,,
1771296071186,,,,,,,308.6888122558594,,,,,
1771296071202,,,,,,,,0,,,,
1771296071219,,,,,,,,,26.923076923076902,,,
1771296071233,,,,,,,,,,0.00015799210814293474,,
1771296071249,,,,,,,,,,,0,
1771296071263,,,,,,,,,,,,0
1771296071278,0.0034240654204040766,,,,,,,,,,,
1771296071292,,0,,,,,,,,,,
1771296071307,,,0,,,,,,,,,
1771296071320,,,,0.0065742055885493755,,,,,,,,
1771296071337,,,,,,0,,,,,,
1771296071354,,,,,0,,,,,,,
1771296071370,,,,,,,307.68927001953125,,,,,
1771296071383,,,,,,,,0,,,,
1771296071398,,,,,,,,,38.27838827838825,,,
1771296071412,,,,,,,,,,0.00015799210814293474,,
1771296071427,,,,,,,,,,,0,
1771296071440,,,,,,,,,,,,0
1771296071457,0.0005478505045175552,,,,,,,,,,,
1771296071474,,0,,,,,,,,,,
1771296071490,,,0.0732600732600732,,,,,,,,,
1771296071506,,,,0.000684813130646944,,,,,,,,
1771296071522,,,,,,0,,,,,,
1771296071536,,,,,0,,,,,,,
1771296071551,,,,,,,309.2613220214844,,,,,
1771296071567,,,,,,,,0,,,,
1771296071582,,,,,,,,,45.970695970695935,,,
1771296071603,,,,,,,,,,0.00015799210814293474,,
1771296071620,,,,,,,,,,,0,
1771296071642,,,,,,,,,,,,0
1771296071657,-0.001506588771007955,,,,,,,,,,,
1771296071675,,0,,,,,,,,,,
1771296071691,,,0,,,,,,,,,
1771296071705,,,,0.000684813130646944,,,,,,,,
1771296071719,,,,,,0,,,,,,
1771296071736,,,,,0,,,,,,,
1771296071752,,,,,,,309.2961120605469,,,,,
1771296071764,,,,,,,,0,,,,
1771296071779,,,,,,,,,13.333333333333323,,,
1771296071794,,,,,,,,,,0.00015799210814293474,,
1771296071809,,,,,,,,,,,0,
1771296071831,,,,,,,,,,,,0
1771296071853,0.0019174766493961215,,,,,,,,,,,
1771296071870,,,0,,,,,,,,,
1771296071888,,0,,,,,,,,,,
1771296071904,,,,0.0009587383246980608,,,,,,,,
1771296071919,,,,,0,,,,,,,
1771296071939,,,,,,0,,,,,,
1771296071967,,,,,,,309.9272155761719,,,,,
1771296071988,,,,,,,,0,,,,
1771296072001,,,,,,,,,36.00732600732598,,,
1771296072013,,,,,,,,,,0.00015799210814293474,,
1771296072027,,,,,,,,,,,,0
1771296072050,,,,,,,,,,,0,
1771296072065,0.001369626261293888,,,,,,,,,,,
1771296072097,,,0,,,,,,,,,
1771296072110,,0,,,,,,,,,,
1771296072126,,,,0.000684813130646944,,,,,,,,
1771296072143,,,,,0,,,,,,,
1771296072162,,,,,,0,,,,,,
1771296072177,,,,,,,309.33966064453125,,,,,
1771296072190,,,,,,,,,33.663003663003636,,,
1771296072204,,,,,,,,0,,,,
1771296072219,,,,,,,,,,0.00015799210814293474,,
1771296072237,,,,,,,,,,,,0
1771296072251,,,,,,,,,,,0,
1771296072265,-0.002739252522587776,,,,,,,,,,,
1771296072278,,,0,,,,,,,,,
1771296072292,,0,,,,,,,,,,
1771296072305,,,,-0.004656728822737932,,,,,,,,
1771296072321,,,,,0,,,,,,,
1771296072336,,,,,,0,,,,,,
1771296072355,,,,,,,310.6332702636719,,,,,
1771296072372,,,,,,,,,47.655677655677614,,,
1771296072388,,,,,,,,0,,,,
1771296072403,,,,,,,,,,0.00015799210814293474,,
1771296072418,,,,,,,,,,,,0
1771296072433,,,,,,,,,,,0,
1771296072447,-0.007259019184857607,,,,,,,,,,,
1771296072462,,,0.0366300366300366,,,,,,,,,
1771296072476,,0,,,,,,,,,,
1771296072490,,,,-0.006163318175822496,,,,,,,,
1771296072504,,,,,0,,,,,,,
1771296072520,,,,,,0,,,,,,
1771296072542,,,,,,,310.9221496582031,,,,,
1771296072555,,,,,,,,,35.16483516483514,,,
1771296072571,,,,,,,,0,,,,
1771296072589,,,,,,,,,,0.00015799210814293474,,
1771296072605,,,,,,,,,,,,0
1771296072623,,,,,,,,,,,0,
1771296072639,0.0053415424190461636,,,,,,,,,,,
1771296072657,,,0,,,,,,,,,
1771296072674,,0,,,,,,,,,,
1771296072689,,,,-0.0024653272703289986,,,,,,,,
1771296072701,,,,,0,,,,,,,
1771296072715,,,,,,0,,,,,,
1771296072729,,,,,,,310.34033203125,,,,,
1771296072744,,,,,,,,,41.79487179487176,,,
1771296072760,,,,,,,,0,,,,
1771296072777,,,,,,,,,,0.00015799210814293474,,
1771296072792,,,,,,,,,,,,0
1771296072805,,,,,,,,,,,0,
1771296072818,0.0053415424190461636,,,,,,,,,,,
1771296072832,,,0,,,,,,,,,
1771296072847,,0,,,,,,,,,,
1771296072863,,,,0.005204579792916775,,,,,,,,
1771296072878,,,,,0,,,,,,,
1771296072894,,,,,,0,,,,,,
1771296072909,,,,,,,311.1486511230469,,,,,
1771296072924,,,,,,,,,38.02197802197799,,,
1771296072941,,,,,,,,0,,,,
1771296072957,,,,,,,,,,0.00015799210814293474,,
1771296072969,,,,,,,,,,,,0
1771296072985,,,,,,,,,,,0,
1771296073000,-0.0019174766493961215,,,,,,,,,,,
1771296073015,,,0,,,,,,,,,
1771296073030,,0,,,,,,,,,,
1771296073045,,,,0.002191402018070221,,,,,,,,
1771296073062,,,,,0,,,,,,,
1771296073082,,,,,,0,,,,,,
1771296073094,,,,,,,311.2102966308594,,,,,
1771296073113,,,,,,,,,18.498168498168482,,,
1771296073146,,,,,,,,0,,,,
1771296073165,,,,,,,,,,,,0
1771296073179,,,,,,,,,,0.00015799210814293474,,
1771296073194,0.0001369626261293888,,,,,,,,,,,
1771296073210,,,,,,,,,,,0,
1771296073227,,,0,,,,,,,,,
1771296073247,,0,,,,,,,,,,
1771296073262,,,,-0.001369626261293888,,,,,,,,
1771296073279,,,,,0,,,,,,,
1771296073294,,,,,,0,,,,,,
1771296073306,,,,,,,310.7535400390625,,,,,
1771296073322,,,,,,,,,37.912087912087884,,,
1771296073336,,,,,,,,0,,,,
1771296073354,,,,,,,,,,0.00015799210814293474,,
1771296073372,,,,,,,,,,,,0
1771296073391,,,,,,,,,,,0,
1771296073407,-0.0001369626261293888,,,,,,,,,,,
1771296073424,,,0,,,,,,,,,
1771296073441,,0,,,,,,,,,,
1771296073456,,,,-0.002739252522587776,,,,,,,,
1771296073471,,,,,0,,,,,,,
1771296073492,,,,,,0,,,,,,
1771296073514,,,,,,,310.80584716796875,,,,,
1771296073533,,,,,,,,,38.424908424908395,,,
1771296073550,,,,,,,,0,,,,
1771296073565,,,,,,,,,,0.00015799210814293474,,
1771296073582,,,,,,,,,,,,0
1771296073598,,,,,,,,,,,0,
1771296073617,0.0008217756985686719,,,,,,,,,,,
1771296073634,,,0,,,,,,,,,
1771296073652,,0,,,,,,,,,,
1771296073673,,,,0.000684813130646944,,,,,,,,
1771296073687,,,,,0,,,,,,,
1771296073704,,,,,,0,,,,,,
1771296073724,,,,,,,310.0010681152344,,,,,
1771296073741,,,,,,,,,38.16849816849814,,,
1771296073758,,,,,,,,0,,,,
1771296073775,,,,,,,,,,0.00015799210814293474,,
1771296073790,,,,,,,,,,,,0
1771296073806,,,,,,,,,,,0,
1771296073821,0.004382804036140442,,,,,,,,,,,
1771296073838,,,0.0732600732600732,,,,,,,,,
1771296073855,,0,,,,,,,,,,
1771296073871,,,,-0.01561373844742775,,,,,,,,
1771296073891,,,,,0,,,,,,,
1771296073906,,,,,,0,,,,,,
1771296073926,,,,,,,311.7899169921875,,,,,
1771296073942,,,,,,,,,34.68864468864466,,,
1771296073960,,,,,,,,0,,,,
1771296073978,,,,,,,,,,0.00015799210814293474,,
1771296073994,,,,,,,,,,,,0
1771296074011,,,,,,,,,,,0,
1771296074029,0.007395981810986996,,,,,,,,,,,
1771296074046,,,0,,,,,,,,,
1771296074065,,0,,,,,,,,,,
1771296074080,,,,0.0008217756985686719,,,,,,,,
1771296074096,,,,,0,,,,,,,
1771296074114,,,,,,0,,,,,,
1771296074134,,,,,,,311.530517578125,,,,,
1771296074150,,,,,,,,,41.35531135531132,,,
1771296074166,,,,,,,,0,,,,
1771296074201,,,,,,,,,,0.00015799210814293474,,
1771296074220,,,,,,,,,,,,0
1771296074251,,,,,,,,,,,0,
1771296074274,-0.007943832315504551,,,,,,,,,,,
1771296074290,,0,,,,,,,,,,
1771296074307,,,0.1465201465201464,,,,,,,,,
1771296074321,,,,,0,,,,,,,
1771296074343,,,,-0.009724345989525318,,,,,,,,
1771296074359,,,,,,,311.4790344238281,,,,,
1771296074375,,,,,,0,,,,,,
1771296074396,,,,,,,,,46.52014652014648,,,
1771296074415,,,,,,,,0,,,,
1771296074434,,,,,,,,,,0.00015799210814293474,,
1771296074453,,,,,,,,,,,,0
1771296074469,,,,,,,,,,,0,
1771296074489,-0.0001369626261293888,,,,,,,,,,,
1771296074507,,,0,,,,,,,,,
1771296074528,,0,,,,,,,,,,
1771296074548,,,,0.005204579792916775,,,,,,,,
1771296074566,,,,,0,,,,,,,
1771296074582,,,,,,0,,,,,,
1771296074603,,,,,,,312.3579406738281,,,,,
1771296074619,,,,,,,,,37.14285714285711,,,
1771296074637,,,,,,,,0,,,,
1771296074657,,,,,,,,,,0.00015799210814293474,,
1771296074684,,,,,,,,,,,,0
1771296074704,,,,,,,,,,,0,
1771296074729,-0.004793691914528608,,,,,,,,,,,
1771296074747,,0,,,,,,,,,,
1771296074765,,,0.2197802197802196,,,,,,,,,
1771296074782,,,,-0.004656728822737932,,,,,,,,
1771296074799,,,,,0,,,,,,,
1771296074816,,,,,,0,,,,,,
1771296074835,,,,,,,312.5204772949219,,,,,
1771296074850,,,,,,,,,39.74358974358971,,,
1771296074870,,,,,,,,0,,,,
1771296074887,,,,,,,,,,0.00015799210814293474,,
1771296074903,,,,,,,,,,,,0
1771296074922,,,,,,,,,,,0,
1771296074942,0.006985093932598829,,,,,,,,,,,
1771296074959,,,0,,,,,,,,,
1771296074976,,0,,,,,,,,,,
1771296074991,,,,0.0031501404009759426,,,,,,,,
1771296075008,,,,,0,,,,,,,
1771296075025,,,,,,0,,,,,,
1771296075042,,,,,,,312.36572265625,,,,,
1771296075066,,,,,,,,,36.263736263736234,,,
1771296075088,,,,,,,,0,,,,
1771296075105,,,,,,,,,,0.00015799210814293474,,
1771296075123,,,,,,,,,,,,0
1771296075140,,,,,,,,,,,0,
1771296075162,-0.007259019184857607,,,,,,,,,,,
1771296075180,,,0,,,,,,,,,
1771296075200,,0,,,,,,,,,,
1771296075218,,,,-0.008628644980490208,,,,,,,,
1771296075237,,,,,0,,,,,,,
1771296075270,,,,,,0,,,,,,
1771296075285,,,,,,,312.33148193359375,,,,,
1771296075304,,,,,,,,,35.86080586080583,,,
1771296075323,,,,,,,,0,,,,
1771296075340,,,,,,,,,,,,0
1771296075364,,,,,,,,,,0.00015799210814293474,,
1771296075381,0.00575243029743433,,,,,,,,,,,
1771296075400,,,,,,,,,,,0,
1771296075416,,,0.0732600732600732,,,,,,,,,
1771296075444,,0,,,,,,,,,,
1771296075465,,,,-0.009176496416330338,,,,,,,,
1771296075481,,,,,0,,,,,,,
1771296075508,,,,,,0,,,,,,
1771296075525,,,,,,,312.60211181640625,,,,,
1771296075541,,,,,,,,,34.32234432234429,,,
1771296075560,,,,,,,,0,,,,
1771296075579,,,,,,,,,,,,0
1771296075599,,,,,,,,,,0.00015799210814293474,,
1771296075621,0.0002739252522587776,,,,,,,,,,,
1771296075642,,,,,,,,,,,0,
1771296075662,,,0,,,,,,,,,
1771296075679,,0,,,,,,,,,,
1771296075700,,,,,0,,,,,,,
1771296075723,,,,-0.0026022898964583874,,,,,,,,
1771296075746,,,,,,,312.6373291015625,,,,,
1771296075763,,,,,,0,,,,,,
1771296075780,,,,,,,,,33.150183150183125,,,
1771296075798,,,,,,,,0,,,,
1771296075813,,,,,,,,,,,,0
1771296075830,,,,,,,,,,0.00015799210814293474,,
1771296075848,-0.0017805141396820545,,,,,,,,,,,
1771296075867,,,,,,,,,,,0,
1771296075887,,,0,,,,,,,,,
1771296075905,,0,,,,,,,,,,
1771296075924,,,,,0,,,,,,,
1771296075942,,,,-0.004519766662269831,,,,,,,,
1771296075959,,,,,,,312.1882019042969,,,,,
1771296075979,,,,,,0,,,,,,
1771296076001,,,,,,,,,35.641025641025614,,,
1771296076022,,,,,,,,0,,,,
1771296076046,,,,,,,,,,,,0
1771296076069,,,,,,,,,,0.00015799210814293474,,
1771296076089,0.0010957010090351105,,,,,,,,,,,
1771296076108,,,,,,,,,,,0,
1771296076132,,,0,,,,,,,,,
1771296076157,,0,,,,,,,,,,
1771296076176,,,,,0,,,,,,,
1771296076195,,,,0.008217757567763329,,,,,,,,
1771296076212,,,,,,,313.1436462402344,,,,,
1771296076230,,,,,,0,,,,,,
1771296076250,,,,,,,,,32.71062271062269,,,
1771296076267,,,,,,,,0,,,,
1771296076286,,,,,,,,,,,,0
1771296076304,,,,,,,,,,0.00015799210814293474,,
1771296076321,0.002054439391940832,,,,,,,,,,,
1771296076360,,,,,,,,,,,0,
1771296076389,,,0.183150183150183,,,,,,,,,
1771296076414,,0,,,,,,,,,,
1771296076437,,,,,0,,,,,,,
1771296076458,,,,-0.0039719161577522755,,,,,,,,
1771296076482,,,,,,,313.96612548828125,,,,,
1771296076506,,,,,,0,,,,,,
1771296076528,,,,,,,,,34.68864468864466,,,
1771296076545,,,,,,,,0,,,,
1771296076565,,,,,,,,,,,,0
1771296076587,,,,,,,,,,0.00015799210814293474,,
1771296076608,-0.0002739252522587776,,,,,,,,,,,
1771296076628,,,,,,,,,,,0,
1771296076649,,,0,,,,,,,,,
1771296076683,,0,,,,,,,,,,
1771296076707,,,,,0,,,,,,,
1771296076724,,,,0.01972261816263199,,,,,,,,
1771296076746,,,,,,,313.5493469238281,,,,,
1771296076765,,,,,,0,,,,,,
1771296076784,,,,,,,,,43.04029304029301,,,
1771296076805,,,,,,,,0,,,,
1771296076823,,,,,,,,,,,,0
1771296076845,,,,,,,,,,0.00015799210814293474,,
1771296076863,0.005067616701126099,,,,,,,,,,,
1771296076883,,,,,,,,,,,0,
1771296076912,,,0,,,,,,,,,
1771296076936,,0,,,,,,,,,,
1771296076958,,,,,0,,,,,,,
1771296076981,,,,0.012189673259854317,,,,,,,,
1771296077004,,,,,,,314.0702209472656,,,,,
1771296077023,,,,,,0,,,,,,
1771296077047,,,,,,,,,37.25274725274722,,,
1771296077070,,,,,,,,0,,,,
1771296077085,,,,,,,,,,,,0
1771296077103,,,,,,,,,,0.00015799210814293474,,
1771296077121,-0.004108878783881664,,,,,,,,,,,
1771296077140,,,,,,,,,,,0,
1771296077161,,,0,,,,,,,,,
1771296077186,,0,,,,,,,,,,
1771296077210,,,,,0,,,,,,,
1771296077231,,,,-0.0032871027942746878,,,,,,,,
1771296077251,,,,,,,313.7969665527344,,,,,
1771296077271,,,,,,0,,,,,,
1771296077292,,,,,,,,,58.02197802197797,,,
1771296077309,,,,,,,,0,,,,
1771296077328,,,,,,,,,,,,0
1771296077353,,,,,,,,,,0.00015799210814293474,,
1771296077378,0.013833225704729557,,,,,,,,,,,
1771296077401,,,,,,,,,,,0,
1771296077423,,,0,,,,,,,,,
1771296077460,,0,,,,,,,,,,
1771296077492,,,,,0,,,,,,,
1771296077511,,,,0.0005478505045175552,,,,,,,,
1771296077534,,,,,,,313.5950927734375,,,,,
1771296077553,,,,,,0,,,,,,
1771296077574,,,,,,,,,38.86446886446883,,,
1771296077594,,,,,,,,0,,,,
1771296077620,,,,,,,,,,,,0
1771296077642,,,,,,,,,,0.00015799210814293474,,
1771296077665,-0.004108878783881664,,,,,,,,,,,
1771296077687,,,,,,,,,,,0,
1771296077710,,,0,,,,,,,,,
1771296077731,,0,,,,,,,,,,
1771296077754,,,,,0,,,,,,,
1771296077776,,,,-0.001506588771007955,,,,,,,,
1771296077799,,,,,,,313.786865234375,,,,,
1771296077820,,,,,,0,,,,,,
1771296077838,,,,,,,,,32.930402930402906,,,
1771296077856,,,,,,,,0,,,,
1771296077875,,,,,,,,,,,,0
1771296077895,,,,,,,,,,0.00015799210814293474,,
1771296077916,-0.001506588771007955,,,,,,,,,,,
1771296077938,,,,,,,,,,,0,
1771296077957,,,0,,,,,,,,,
1771296077982,,0,,,,,,,,,,
1771296078005,,,,,0,,,,,,,
1771296078026,,,,0.0001369626261293888,,,,,,,,
1771296078054,,,,,,,313.4690856933594,,,,,
1771296078075,,,,,,0,,,,,,
1771296078096,,,,,,,,,34.79853479853477,,,
1771296078117,,,,,,,,0,,,,
1771296078142,,,,,,,,,,,,0
1771296078164,,,,,,,,,,0.00015799210814293474,,
1771296078187,0.0001369626261293888,,,,,,,,,,,
1771296078210,,,,,,,,,,,0,
1771296078236,,,0,,,,,,,,,
1771296078258,,0,,,,,,,,,,
1771296078277,,,,,0,,,,,,,
1771296078296,,,,0.008628644980490208,,,,,,,,
1771296078320,,,,,,,312.8223571777344,,,,,
1771296078344,,,,,,0,,,,,,
1771296078368,,,,,,,,,39.267399267399234,,,
1771296078392,,,,,,,,0,,,,
1771296078414,,,,,,,,,,,,0
1771296078439,,,,,,,,,,0.00015799210814293474,,
1771296078464,-0.0032871027942746878,,,,,,,,,,,
1771296078485,,,,,,,,,,,0,
1771296078506,,,0.1098901098901098,,,,,,,,,
1771296078552,,0,,,,,,,,,,
1771296078573,,,,,0,,,,,,,
1771296078593,,,,0.009039533324539661,,,,,,,,
1771296078611,,,,,,,312.99835205078125,,,,,
1771296078632,,,,,,0,,,,,,
1771296078652,,,,,,,,,33.553113553113526,,,
1771296078675,,,,,,,,0,,,,
1771296078701,,,,,,,,,,,,0
1771296078723,,,,,,,,,,0.00015799210814293474,,
1771296078746,0.005204579792916775,,,,,,,,,,,
1771296078773,,,,,,,,,,,0,
1771296078803,,,0,,,,,,,,,
1771296078830,,0,,,,,,,,,,
1771296078850,,,,,0,,,,,,,
1771296078874,,,,-0.01205271016806364,,,,,,,,
1771296078901,,,,,,,311.3399963378906,,,,,
1771296078930,,,,,,0,,,,,,
1771296078954,,,,,,,,,43.15018315018312,,,
1771296078978,,,,,,,,0,,,,
1771296079005,,,,,,,,,,,,0
1771296079031,,,,,,,,,,0.00015799210814293474,,
1771296079056,0.001369626261293888,,,,,,,,,,,
1771296079081,,,,,,,,,,,0,
1771296079108,,,0,,,,,,,,,
1771296079133,,0,,,,,,,,,,
1771296079162,,,,,0,,,,,,,
1771296079197,,,,-0.001369626261293888,,,,,,,,
1771296079223,,,,,,,313.9494323730469,,,,,
1771296079268,,,,,,0,,,,,,
1771296079294,,,,,,,,,48.5347985347985,,,
1771296079312,,,,,,,,0,,,,
1771296079348,,,,,,,,,,,,0
1771296079368,,,,,,,,,,0.00015799210814293474,,
1771296079391,0.004793691914528608,,,,,,,,,,,
1771296079418,,,,,,,,,,,0,
1771296079455,,,0,,,,,,,,,
1771296079481,,0,,,,,,,,,,
1771296079505,,,,,0,,,,,,,
1771296079534,,,,0.0034240654204040766,,,,,,,,
1771296079557,,,,,,,310.7016296386719,,,,,
1771296079576,,,,,,0,,,,,,
1771296079598,,,,,,,,,34.21245421245418,,,
1771296079622,,,,,,,,0,,,,
1771296079681,,,,,,,,,,0.00015799210814293474,,
1771296079714,,,,,,,,,,,,0
1771296079740,,,,,,,,,,,0,
1771296079761,0.002054439391940832,,,,,,,,,,,
1771296079782,,0,,,,,,,,,,
1771296079804,,,,,0,,,,,,,
1771296079824,,,0,,,,,,,,,
1771296079849,,,,0.0012326636351644993,,,,,,,,
1771296079871,,,,,,,308.6117248535156,,,,,
1771296079892,,,,,,0,,,,,,
1771296079915,,,,,,,,,46.77655677655674,,,
