Timestamp,SparkMax/////e62ff991-025d-4594-b04f-7ead8f58ef50 Current,SparkMax/////0fbe6779-b3fb-47f4-a4e4-9bb8ac67eb90 Ext EEPROM Sticky Warning,SparkMax/////0fbe6779-b3fb-47f4-a4e4-9bb8ac67eb90 Primary Encoder Velocity,SparkMax/////825fbe63-969a-45f6-a698-b89e5f86de1a Brownout Warning,SparkMax/////0fbe6779-b3fb-47f4-a4e4-9bb8ac67eb90 Current,SparkMax/////825fbe63-969a-45f6-a698-b89e5f86de1a Primary Encoder Velocity,SparkMax/////825fbe63-969a-45f6-a698-b89e5f86de1a Current,SparkMax/////5e2edcf3-cb89-490e-ad3b-ad742be67f38 Brownout Sticky Warning,SparkMax/////5e2edcf3-cb89-490e-ad3b-ad742be67f38 Primary Encoder Velocity,SparkMax/////e62ff991-025d-4594-b04f-7ead8f58ef50 Ext EEPROM Warning,SparkMax/////5e2edcf3-cb89-490e-ad3b-ad742be67f38 Current,SparkMax/////e62ff991-025d-4594-b04f-7ead8f58ef50 Primary Encoder Velocity
1771296017507,19.450549450549435
1771296017524,,0
1771296017542,,,0.00015799210814293474
1771296017560,,,,0
1771296017576,,,,,0
1771296017597,,,,,,-0.008765608072280884
1771296017612,,,,,,,0
1771296017626,,,,,,,,0
1771296017642,,,,,,,,,-0.010957010090351105
1771296017655,,,,,,,,,,0
1771296017669,,,,,,,,,,,0
1771296017685,,,,,,,,,,,,9.97758960723877
1771296017703,17.98534798534797,,,,,,,,,,,
1771296017717,,0,,,,,,,,,,
1771296017737,,,0.00015799210814293474,,,,,,,,,
1771296017753,,,,0,,,,,,,,
1771296017768,,,,,0,,,,,,,
1771296017781,,,,,,-0.009039533324539661,,,,,,
1771296017797,,,,,,,0,,,,,
1771296017817,,,,,,,,0,,,,
1771296017835,,,,,,,,,-0.008491681888699532,,,
1771296017850,,,,,,,,,,0,,
1771296017865,,,,,,,,,,,0,
1771296017880,,,,,,,,,,,,9.312910079956055
1771296017896,19.523809523809508,,,,,,,,,,,
1771296017909,,0,,,,,,,,,,
1771296017926,,,0.00015799210814293474,,,,,,,,,
1771296017942,,,,0,,,,,,,,
1771296017958,,,,,0,,,,,,,
1771296017988,,,,,,0,,,,,,
1771296018009,,,,,,,0,,,,,
1771296018024,,,,,,,,0,,,,
1771296018052,,,,,,,,,,0,,
1771296018071,,,,,,,,,0,,,
1771296018086,,,,,,,,,,,,10.54653263092041
1771296018102,,,,,,,,,,,0,
1771296018116,23.003663003662986,,,,,,,,,,,
1771296018133,,0,,,,,,,,,,
1771296018156,,,0.00015799210814293474,,,,,,,,,
1771296018172,,,,0,,,,,,,,
1771296018187,,,,,0,,,,,,,
1771296018201,,,,,,0,,,,,,
1771296018219,,,,,,,0,,,,,
1771296018240,,,,,,,,0,,,,
1771296018257,,,,,,,,,0,,,
1771296018276,,,,,,,,,,0,,
1771296018293,,,,,,,,,,,0,
1771296018311,,,,,,,,,,,,7.870556831359863
1771296018327,20.659340659340643,,,,,,,,,,,
1771296018345,,0,,,,,,,,,,
1771296018367,,,0.00015799210814293474,,,,,,,,,
1771296018387,,,,0,,,,,,,,
1771296018405,,,,,0,,,,,,,
1771296018428,,,,,,0,,,,,,
1771296018445,,,,,,,0,,,,,
1771296018465,,,,,,,,0,,,,
1771296018483,,,,,,,,,,0,,
1771296018499,,,,,,,,,0.008765608072280884,,,
1771296018524,,,,,,,,,,,,7.578415870666504
1771296018541,,,,,,,,,,,0,
1771296018557,20.293040293040278,,,,,,,,,,,
1771296018576,,0,,,,,,,,,,
1771296018593,,,0.00015799210814293474,,,,,,,,,
1771296018611,,,,0,,,,,,,,
1771296018628,,,,,0,,,,,,,
1771296018645,,,,,,-0.002328364411368966,,,,,,
1771296018663,,,,,,,0.1465201465201464,,,,,
1771296018688,,,,,,,,0,,,,
1771296018712,,,,,,,,,-0.002876215148717165,,,
1771296018733,,,,,,,,,,0,,
1771296018749,,,,,,,,,,,0,
1771296018774,,,,,,,,,,,,9.411797523498535
1771296018790,,0,,,,,,,,,,
1771296018806,18.791208791208774,,,,,,,,,,,
1771296018823,,,0.00015799210814293474,,,,,,,,,
1771296018843,,,,0,,,,,,,,
1771296018866,,,,,0,,,,,,,
1771296018886,,,,,,0,,,,,,
1771296018905,,,,,,,0,,,,,
1771296018927,,,,,,,,0,,,,
1771296018945,,,,,,,,,0,,,
1771296018966,,,,,,,,,,0,,
1771296018981,,,,,,,,,,,0,
1771296018999,,,,,,,,,,,,9.727359771728516
1771296019021,18.7179487179487,,,,,,,,,,,
1771296019045,,0,,,,,,,,,,
1771296019068,,,0.00015799210814293474,,,,,,,,,
1771296019088,,,,0,,,,,,,,
1771296019121,,,,,0,,,,,,,
1771296019148,,,,,,0,,,,,,
1771296019168,,,,,,,,0,,,,
1771296019189,,,,,,,0.0732600732600732,,,,,
1771296019210,,,,,,,,,,0,,
1771296019228,,,,,,,,,0,,,
1771296019248,,,,,,,,,,,,9.170742988586426
1771296019266,,,,,,,,,,,0,
1771296019286,21.42857142857141,,,,,,,,,,,
1771296019306,,0,,,,,,,,,,
1771296019325,,,0.00015799210814293474,,,,,,,,,
1771296019346,,,,0,,,,,,,,
1771296019364,,,,,0,,,,,,,
1771296019380,,,,,,0,,,,,,
1771296019397,,,,,,,0.0732600732600732,,,,,
1771296019418,,,,,,,,0,,,,
1771296019439,,,,,,,,,-0.004108878783881664,,,
1771296019456,,,,,,,,,,0,,
1771296019476,,,,,,,,,,,0,
1771296019498,,,,,,,,,,,,8.084355354309082
1771296019521,21.025641025641008,,,,,,,,,,,
1771296019544,,0,,,,,,,,,,
1771296019565,,,,0,,,,,,,,
1771296019583,,,0.00015799210814293474,,,,,,,,,
1771296019604,,,,,,-0.008765608072280884,,,,,,
1771296019627,,,,,0,,,,,,,
1771296019646,,,,,,,0.1465201465201464,,,,,
1771296019665,,,,,,,,0,,,,
1771296019682,,,,,,,,,0,,,
1771296019706,,,,,,,,,,0,,
1771296019727,,,,,,,,,,,0,
1771296019750,,,,,,,,,,,,8.554821968078613
1771296019772,19.120879120879106,,,,,,,,,,,
1771296019791,,0,,,,,,,,,,
1771296019808,,,,0,,,,,,,,
1771296019836,,,0.00015799210814293474,,,,,,,,,
1771296019855,,,,,,-0.008765608072280884,,,,,,
1771296019874,,,,,0,,,,,,,
1771296019895,,,,,,,0,,,,,
1771296019915,,,,,,,,0,,,,
1771296019938,,,,,,,,,-0.00945042073726654,,,
1771296019956,,,,,,,,,,0,,
1771296019974,,,,,,,,,,,0,
1771296019993,,,,,,,,,,,,7.674563884735107
1771296020017,20.512820512820497,,,,,,,,,,,
1771296020038,,0,,,,,,,,,,
1771296020055,,,,0,,,,,,,,
1771296020076,,,0.00015799210814293474,,,,,,,,,
1771296020094,,,,,,-0.006711168214678764,,,,,,
1771296020112,,,,,0,,,,,,,
1771296020131,,,,,,,0,,,,,
1771296020150,,,,,,,,0,,,,
1771296020168,,,,,,,,,-0.00835471972823143,,,
1771296020204,,,,,,,,,,0,,
1771296020221,,,,,,,,,,,0,
1771296020247,,,,,,,,,,,,8.599608421325684
1771296020268,19.560439560439544,,,,,,,,,,,
1771296020286,,0,,,,,,,,,,
1771296020304,,,,0,,,,,,,,
1771296020323,,,0.00015799210814293474,,,,,,,,,
1771296020346,,,,,,-0.003561028279364109,,,,,,
1771296020370,,,,,0,,,,,,,
1771296020391,,,,,,,0,,,,,
1771296020412,,,,,,,,0,,,,
1771296020434,,,,,,,,,,0,,
1771296020455,,,,,,,,,0,,,
1771296020476,,,,,,,,,,,,9.483155250549316
1771296020498,,,,,,,,,,,0,
1771296020517,18.351648351648336,,,,,,,,,,,
1771296020541,,0,,,,,,,,,,
1771296020559,,,,0,,,,,,,,
1771296020601,,,0.00015799210814293474,,,,,,,,,
1771296020624,,,,,,0,,,,,,
1771296020643,,,,,0,,,,,,,
1771296020659,,,,,,,0.0366300366300366,,,,,
1771296020674,,,,,,,,0,,,,
1771296020705,,,,,,,,,,0,,
1771296020726,,,,,,,,,-0.012463598512113094,,,
1771296020750,,,,,,,,,,,,8.8162841796875
1771296020770,,,,,,,,,,,0,
1771296020787,20.622710622710606,,,,,,,,,,,
1771296020805,,0,,,,,,,,,,
1771296020825,,,,0,,,,,,,,
1771296020842,,,0.00015799210814293474,,,,,,,,,
1771296020860,,,,,,-0.008765608072280884,,,,,,
1771296020875,,,,,0,,,,,,,
1771296020890,,,,,,,0.0732600732600732,,,,,
1771296020908,,,,,,,,0,,,,
1771296020925,,,,,,,,,,0,,
1771296020944,,,,,,,,,-0.017531216144561768,,,
1771296020968,,,,,,,,,,,,7.878500938415527
1771296020990,,,,,,,,,,,0,
1771296021008,18.60805860805859,,,,,,,,,,,
1771296021030,,0,,,,,,,,,,
1771296021052,,,,0,,,,,,,,
1771296021076,,,0.00015799210814293474,,,,,,,,,
1771296021097,,,,,,-0.0024653272703289986,,,,,,
1771296021118,,,,,0,,,,,,,
1771296021138,,,,,,,0.0366300366300366,,,,,
1771296021160,,,,,,,,0,,,,
1771296021181,,,,,,,,,,0,,
1771296021197,,,,,,,,,0.0012326636351644993,,,
1771296021219,,,,,,,,,,,,6.914010047912598
1771296021243,,,,,,,,,,,0,
1771296021264,20.512820512820497,,,,,,,,,,,
1771296021312,,0,,,,,,,,,,
1771296021334,,,,0,,,,,,,,
1771296021353,,,0.00015799210814293474,,,,,,,,,
1771296021376,,,,,,-0.004382804036140442,,,,,,
1771296021397,,,,,0,,,,,,,
1771296021415,,,,,,,0,,,,,
1771296021434,,,,,,,,0,,,,
1771296021461,,,,,,,,,,0,,
1771296021486,,,,,,,,,-0.002739252522587776,,,
1771296021508,,,,,,,,,,,,6.2197465896606445
1771296021530,,,,,,,,,,,0,
1771296021550,20.47619047619046,,,,,,,,,,,
1771296021573,,0,,,,,,,,,,
1771296021594,,,,0,,,,,,,,
1771296021621,,,0.00015799210814293474,,,,,,,,,
1771296021644,,,,,,0,,,,,,
1771296021665,,,,,0,,,,,,,
1771296021689,,,,,,,0,,,,,
1771296021713,,,,,,,,0,,,,
1771296021733,,,,,,,,,,0,,
1771296021752,,,,,,,,,-0.001369626261293888,,,
1771296021776,,,,,,,,,,,,6.3304123878479
1771296021801,,,,,,,,,,,0,
1771296021823,18.97435897435896,,,,,,,,,,,
1771296021846,,0,,,,,,,,,,
1771296021864,,,,0,,,,,,,,
1771296021891,,,0.00015799210814293474,,,,,,,,,
1771296021911,,,,,,0,,,,,,
1771296021931,,,,,0,,,,,,,
1771296021953,,,,,,,0,,,,,
1771296021983,,,,,,,,0,,,,
1771296022002,,,,,,,,,,0,,
1771296022023,,,,,,,,,0.0009587383246980608,,,
1771296022045,,,,,,,,,,,,7.6530609130859375
1771296022066,,,,,,,,,,,0,
1771296022095,18.82783882783881,,,,,,,,,,,
1771296022116,,0,,,,,,,,,,
1771296022139,,,,0,,,,,,,,
1771296022162,,,0.00015799210814293474,,,,,,,,,
1771296022186,,,,,,0.013833225704729557,,,,,,
1771296022204,,,,,0,,,,,,,
1771296022225,,,,,,,0,,,,,
1771296022244,,,,,,,,0,,,,
1771296022264,,,,,,,,,,0,,
1771296022281,,,,,,,,,0.017120327800512314,,,
1771296022297,,,,,,,,,,,,8.617277145385742
1771296022315,,,,,,,,,,,0,
1771296022334,19.92673992673991,,,,,,,,,,,
1771296022373,,0,,,,,,,,,,
1771296022393,,,,0,,,,,,,,
1771296022415,,,0.00015799210814293474,,,,,,,,,
1771296022446,,,,,,0.008765608072280884,,,,,,
1771296022465,,,,,0,,,,,,,
1771296022484,,,,,,,0,,,,,
1771296022502,,,,,,,,0,,,,
1771296022520,,,,,,,,,,0,,
1771296022537,,,,,,,,,0,,,
1771296022555,,,,,,,,,,,,6.398893356323242
1771296022574,,,,,,,,,,,0,
1771296022592,21.3186813186813,,,,,,,,,,,
1771296022609,,0,,,,,,,,,,
1771296022628,,,,0,,,,,,,,
1771296022646,,,0.00015799210814293474,,,,,,,,,
1771296022663,,,,,,0,,,,,,
1771296022680,,,,,0,,,,,,,
1771296022696,,,,,,,0,,,,,
1771296022715,,,,,,,,0,,,,
1771296022738,,,,,,,,,,0,,
1771296022757,,,,,,,,,-0.017531216144561768,,,
1771296022780,,,,,,,,,,,,8.2735013961792
1771296022803,,,,,,,,,,,0,
1771296022828,17.728937728937716,,,,,,,,,,,
1771296022853,,0,,,,,,,,,,
1771296022872,,,,0,,,,,,,,
1771296022891,,,0.00015799210814293474,,,,,,,,,
1771296022913,,,,,,-0.007669906597584486,,,,,,
1771296022939,,,,,0,,,,,,,
1771296022966,,,,,,,0.1465201465201464,,,,,
1771296022996,,,,,,,,0,,,,
1771296023025,,,,,,,,,,0,,
1771296023051,,,,,,,,,-0.013422336429357529,,,
1771296023076,,,,,,,,,,,,9.162114143371582
1771296023099,,,,,,,,,,,0,
1771296023125,20.952380952380935,,,,,,,,,,,
1771296023156,,0,,,,,,,,,,
1771296023191,,,,0,,,,,,,,
1771296023215,,,0.00015799210814293474,,,,,,,,,
1771296023235,,,,,,0,,,,,,
1771296023252,,,,,0,,,,,,,
1771296023271,,,,,,,0.1465201465201464,,,,,
1771296023294,,,,,,,,0,,,,
1771296023321,,,,,,,,,-0.01520285103470087,,,
1771296023348,,,,,,,,,,0,,
1771296023370,,,,,,,,,,,0,
1771296023389,,,,,,,,,,,,7.268195152282715
1771296023409,21.282051282051263,,,,,,,,,,,
1771296023431,,0,,,,,,,,,,
1771296023468,,,,0,,,,,,,,
1771296023503,,,0.00015799210814293474,,,,,,,,,
1771296023525,,,,,,0.008491681888699532,,,,,,
1771296023545,,,,,0,,,,,,,
1771296023564,,,,,,,,0,,,,
1771296023590,,,,,,,0,,,,,
1771296023617,,,,,,,,,0.0009587383246980608,,,
1771296023639,,,,,,,,,,0,,
1771296023658,,,,,,,,,,,0,
1771296023677,,,,,,,,,,,,8.216525077819824
1771296023700,19.523809523809508,,,,,,,,,,,
1771296023723,,0,,,,,,,,,,
1771296023754,,,0.00015799210814293474,,,,,,,,,
1771296023780,,,,0,,,,,,,,
1771296023811,,,,,0,,,,,,,
1771296023843,,,,,,0,,,,,,
1771296023866,,,,,,,,0,,,,
1771296023886,,,,,,,0.0366300366300366,,,,,
1771296023904,,,,,,,,,-0.014518038369715214,,,
1771296023920,,,,,,,,,,0,,
1771296023937,,,,,,,,,,,0,
1771296023956,,,,,,,,,,,,6.472442626953125
1771296023975,20.14652014652013,,,,,,,,,,,
1771296023993,,0,,,,,,,,,,
1771296024013,,,0.00015799210814293474,,,,,,,,,
1771296024032,,,,0,,,,,,,,
1771296024051,,,,,0,,,,,,,
1771296024071,,,,,,0.0017805141396820545,,,,,,
1771296024089,,,,,,,0,,,,,
1771296024107,,,,,,,,0,,,,
1771296024125,,,,,,,,,-0.00945042073726654,,,
1771296024143,,,,,,,,,,0,,
1771296024163,,,,,,,,,,,0,
1771296024181,,,,,,,,,,,,7.4189910888671875
1771296024199,19.450549450549435,,,,,,,,,,,
1771296024217,,0,,,,,,,,,,
1771296024236,,,0.00015799210814293474,,,,,,,,,
1771296024255,,,,0,,,,,,,,
1771296024272,,,,,0,,,,,,,
1771296024290,,,,,,0,,,,,,
1771296024309,,,,,,,0,,,,,
1771296024328,,,,,,,,0,,,,
1771296024347,,,,,,,,,-0.007395981810986996,,,
1771296024366,,,,,,,,,,0,,
1771296024384,,,,,,,,,,,0,
1771296024407,,,,,,,,,,,,8.297195434570312
1771296024430,18.82783882783881,,,,,,,,,,,
1771296024460,,0,,,,,,,,,,
1771296024489,,,,0,,,,,,,,
1771296024514,,,0.00015799210814293474,,,,,,,,,
1771296024541,,,,,,-0.00301317754201591,,,,,,
1771296024587,,,,,0,,,,,,,
1771296024616,,,,,,,,0,,,,
1771296024643,,,,,,,0.0732600732600732,,,,,
1771296024675,,,,,,,,,0,,,
1771296024701,,,,,,,,,,0,,
1771296024725,,,,,,,,,,,0,
1771296024749,,,,,,,,,,,,9.111164093017578
1771296024774,,0,,,,,,,,,,
1771296024797,20.10989010989009,,,,,,,,,,,
1771296024822,,,0.00015799210814293474,,,,,,,,,
1771296024849,,,,0,,,,,,,,
1771296024882,,,,,0,,,,,,,
1771296024906,,,,,,0,,,,,,
1771296024926,,,,,,,,0,,,,
1771296024945,,,,,,,0.0366300366300366,,,,,
1771296024964,,,,,,,,,-0.008765608072280884,,,
1771296024984,,,,,,,,,,0,,
1771296025011,,,,,,,,,,,0,
1771296025033,,,,,,,,,,,,8.330340385437012
1771296025053,,0,,,,,,,,,,
1771296025080,19.157509157509143,,,,,,,,,,,
1771296025107,,,0.00015799210814293474,,,,,,,,,
1771296025130,,,,0,,,,,,,,
1771296025149,,,,,0,,,,,,,
1771296025169,,,,,,0,,,,,,
1771296025188,,,,,,,,0,,,,
1771296025209,,,,,,,0.0732600732600732,,,,,
1771296025232,,,,,,,,,0,,,
1771296025255,,,,,,,,,,0,,
1771296025276,,,,,,,,,,,0,
1771296025298,,,,,,,,,,,,10.355607032775879
1771296025328,,0,,,,,,,,,,
1771296025356,18.681318681318665,,,,,,,,,,,
1771296025382,,,0.00015799210814293474,,,,,,,,,
1771296025404,,,,0,,,,,,,,
1771296025428,,,,,0,,,,,,,
1771296025451,,,,,,0,,,,,,
1771296025475,,,,,,,,0,,,,
1771296025497,,,,,,,0.183150183150183,,,,,
1771296025526,,,,,,,,,0,,,
1771296025566,,,,,,,,,,0,,
1771296025591,,,,,,,,,,,0,
1771296025613,,,,,,,,,,,,9.104179382324219
1771296025636,,0,,,,,,,,,,
1771296025692,22.637362637362617,,,,,,,,,,,
1771296025714,,,0.00015799210814293474,,,,,,,,,
1771296025736,,,,0,,,,,,,,
1771296025761,,,,,0,,,,,,,
1771296025782,,,,,,-0.008765608072280884,,,,,,
1771296025810,,,,,,,,0,,,,
1771296025830,,,,,,,0,,,,,
1771296025857,,,,,,,,,0.008765608072280884,,,
1771296025881,,,,,,,,,,0,,
1771296025902,,,,,,,,,,,0,
1771296025924,,,,,,,,,,,,8.013819694519043
1771296025947,,0,,,,,,,,,,
1771296025968,19.70695970695969,,,,,,,,,,,
1771296025994,,,0.00015799210814293474,,,,,,,,,
1771296026017,,,,0,,,,,,,,
1771296026042,,,,,0,,,,,,,
1771296026065,,,,,,0,,,,,,
1771296026088,,,,,,,,0,,,,
1771296026111,,,,,,,0,,,,,
1771296026131,,,,,,,,,-0.007806869223713875,,,
1771296026153,,,,,,,,,,0,,
1771296026170,,,,,,,,,,,0,
1771296026191,,,,,,,,,,,,7.977114200592041
1771296026212,,0,,,,,,,,,,
1771296026234,21.3186813186813,,,,,,,,,,,
1771296026261,,,0.00015799210814293474,,,,,,,,,
1771296026288,,,,0,,,,,,,,
1771296026312,,,,,0,,,,,,,
1771296026339,,,,,,-0.006300280801951885,,,,,,
1771296026361,,,,,,,,0,,,,
1771296026380,,,,,,,0,,,,,
1771296026407,,,,,,,,,0.008765608072280884,,,
1771296026432,,,,,,,,,,0,,
1771296026453,,,,,,,,,,,0,
1771296026484,,,,,,,,,,,,8.494147300720215
1771296026511,,0,,,,,,,,,,
1771296026539,20.98901098901097,,,,,,,,,,,
1771296026566,,,0.00015799210814293474,,,,,,,,,
1771296026589,,,,0,,,,,,,,
1771296026614,,,,,0,,,,,,,
1771296026641,,,,,,-0.0034240654204040766,,,,,,
1771296026671,,,,,,,,0,,,,
1771296026694,,,,,,,0,,,,,
1771296026725,,,,,,,,,0,,,
1771296026753,,,,,,,,,,0,,
1771296026807,,,,,,,,,,,0,
1771296026831,,,,,,,,,,,,6.890178203582764
1771296026877,,0,,,,,,,,,,
1771296026905,17.728937728937716,,,,,,,,,,,
1771296026925,,,0.00015799210814293474,,,,,,,,,
1771296026947,,,,0,,,,,,,,
1771296026968,,,,,0,,,,,,,
1771296026994,,,,,,0,,,,,,
1771296027023,,,,,,,,0,,,,
1771296027045,,,,,,,0,,,,,
1771296027073,,,,,,,,,-0.0005478505045175552,,,
1771296027099,,,,,,,,,,0,,
1771296027120,,,,,,,,,,,0,
1771296027146,,,,,,,,,,,,8.882847785949707
1771296027167,,0,,,,,,,,,,
1771296027188,20.659340659340643,,,,,,,,,,,
1771296027207,,,0.00015799210814293474,,,,,,,,,
1771296027227,,,,0,,,,,,,,
1771296027248,,,,,0,,,,,,,
1771296027273,,,,,,0,,,,,,
1771296027290,,,,,,,,0,,,,
1771296027312,,,,,,,0.0366300366300366,,,,,
1771296027334,,,,,,,,,-0.0016435513971373439,,,
1771296027357,,,,,,,,,,0,,
1771296027378,,,,,,,,,,,0,
1771296027399,,,,,,,,,,,,9.564647674560547
1771296027419,,0,,,,,,,,,,
1771296027441,18.3150183150183,,,,,,,,,,,
1771296027461,,,0.00015799210814293474,,,,,,,,,
1771296027484,,,,0,,,,,,,,
1771296027504,,,,,0,,,,,,,
