Timestamp,SparkMax/////825fbe63-969a-45f6-a698-b89e5f86de1a Brownout Warning,SparkMax/////825fbe63-969a-45f6-a698-b89e5f86de1a Primary Encoder Velocity,SparkMax/////5e2edcf3-cb89-490e-ad3b-ad742be67f38 Brownout Sticky Warning,SparkMax/////825fbe63-969a-45f6-a698-b89e5f86de1a Current,SparkMax/////5e2edcf3-cb89-490e-ad3b-ad742be67f38 Primary Encoder Velocity,SparkMax/////5e2edcf3-cb89-490e-ad3b-ad742be67f38 Current,SparkMax/////e62ff991-025d-4594-b04f-7ead8f58ef50 Ext EEPROM Warning,SparkMax/////e62ff991-025d-4594-b04f-7ead8f58ef50 Primary Encoder Velocity,SparkMax/////0fbe6779-b3fb-47f4-a4e4-9bb8ac67eb90 Ext EEPROM Sticky Warning,SparkMax/////e62ff991-025d-4594-b04f-7ead8f58ef50 Current,SparkMax/////0fbe6779-b3fb-47f4-a4e4-9bb8ac67eb90 Primary Encoder Velocity,SparkMax/////0fbe6779-b3fb-47f4-a4e4-9bb8ac67eb90 Current
1771296595708,0
1771296595723,,7.817826271057129
1771296595741,,,0
1771296595756,,,,9.48717948717948
1771296595771,,,,,7.953556537628174
1771296595788,,,,,,8.827838827838821
1771296595804,,,,,,,0
1771296595821,,,,,,,,-7.61210823059082
1771296595838,,,,,,,,,0
1771296595851,,,,,,,,,,7.985347985347979
1771296595864,,,,,,,,,,,0.0015568514354526997
1771296595880,,,,,,,,,,,,0
1771296595895,0,,,,,,,,,,,
1771296595908,,7.840288162231445,,,,,,,,,,
1771296595923,,,0,,,,,,,,,
1771296595937,,,,8.388278388278382,,,,,,,,
1771296595953,,,,,7.826455116271973,,,,,,,
1771296595970,,,,,,9.413919413919405,,,,,,
1771296595987,,,,,,,0,,,,,
1771296596004,,,,,,,,-7.714282512664795,,,,
1771296596033,,,,,,,,,0,,,
1771296596052,,,,,,,,,,7.728937728937723,,
1771296596064,,,,,,,,,,,0.0015568514354526997,
1771296596077,0,,,,,,,,,,,
1771296596091,,,,,,,,,,,,0
1771296596103,,8.232823371887207,,,,,,,,,,
1771296596117,,,0,,,,,,,,,
1771296596130,,,,8.241758241758236,,,,,,,,
1771296596144,,,,,8.017107009887695,,,,,,,
1771296596158,,,,,,7.362637362637357,,,,,,
1771296596173,,,,,,,0,,,,,
1771296596189,,,,,,,,-7.864804744720459,,,,
1771296596202,,,,,,,,,,8.754578754578747,,
1771296596218,,,,,,,,,0,,,
1771296596232,,,,,,,,,,,0.0015568514354526997,
1771296596249,,,,,,,,,,,,0
1771296596263,0,,,,,,,,,,,
1771296596277,,8.204061508178711,,,,,,,,,,
1771296596289,,,0,,,,,,,,,
1771296596304,,,,8.424908424908418,,,,,,,,
1771296596320,,,,,8.195158958435059,,,,,,,
1771296596334,,,,,,6.959706959706954,,,,,,
1771296596346,,,,,,,0,,,,,
1771296596362,,,,,,,,-8.057648658752441,,,,
1771296596380,,,,,,,,,,8.498168498168491,,
1771296596400,,,,,,,,,0,,,
1771296596416,,,,,,,,,,,0.0015568514354526997,
1771296596438,,,,,,,,,,,,0
1771296596456,0,,,,,,,,,,,
1771296596470,,7.795912742614746,,,,,,,,,,
1771296596487,,,0,,,,,,,,,
1771296596501,,,,9.04761904761904,,,,,,,,
1771296596513,,,,,7.734005451202393,,,,,,,
1771296596550,,,,,,,0,,,,,
1771296596567,,,,,,8.864468864468858,,,,,,
1771296596587,,,,,,,,-7.896580219268799,,,,
1771296596604,,,,,,,,,0,,,
1771296596620,,,,,,,,,,9.377289377289369,,
1771296596637,,,,,,,,,,,0.0015568514354526997,
1771296596652,0,,,,,,,,,,,
1771296596672,,,,,,,,,,,,0
1771296596693,,7.518700122833252,,,,,,,,,,
1771296596714,,,,8.424908424908418,,,,,,,,
1771296596729,,,0,,,,,,,,,
1771296596743,,,,,7.92972469329834,,,,,,,
1771296596764,,,,,,,0,,,,,
1771296596780,,,,,,9.999999999999991,,,,,,
1771296596798,,,,,,,,-7.9753336906433105,,,,
1771296596813,,,,,,,,,,9.084249084249077,,
1771296596830,,,,,,,,,0,,,
1771296596853,,,,,,,,,,,-0.5968420505523682,
1771296596868,0,,,,,,,,,,,
1771296596889,,,,,,,,,,,,0
1771296596906,,7.762356758117676,,,,,,,,,,
1771296596920,,,,8.241758241758236,,,,,,,,
1771296596933,,,0,,,,,,,,,
1771296596946,,,,,8.021079063415527,,,,,,,
1771296596959,,,,,,,0,,,,,
1771296596972,,,,,,7.838827838827832,,,,,,
1771296596985,,,,,,,,-7.93712043762207,,,,
1771296597002,,,,,,,,,,8.791208791208785,,
1771296597024,,,,,,,,,0,,,
1771296597037,,,,,,,,,,,0.0015568514354526997,
1771296597056,0,,,,,,,,,,,
1771296597073,,,,,,,,,,,,0
1771296597090,,7.9219183921813965,,,,,,,,,,
1771296597105,,,,9.010989010989004,,,,,,,,
1771296597121,,,0,,,,,,,,,
1771296597136,,,,,8.123527526855469,,,,,,,
1771296597155,,,,,,,0,,,,,
1771296597174,,,,,,7.32600732600732,,,,,,
1771296597190,,,,,,,,-8.153932571411133,,,,
1771296597204,,,,,,,,,,9.04761904761904,,
1771296597223,,,,,,,,,0,,,
1771296597245,,,,,,,,,,,0.0015568514354526997,
1771296597265,0,,,,,,,,,,,
1771296597281,,,,,,,,,,,,0
1771296597299,,7.989029884338379,,,,,,,,,,
1771296597317,,,,8.901098901098894,,,,,,,,
1771296597333,,,0,,,,,,,,,
1771296597350,,,,,7.779476642608643,,,,,,,
1771296597370,,,,,,,0,,,,,
1771296597386,,,,,,8.278388278388272,,,,,,
1771296597407,,,,,,,,-7.775367736816406,,,,
1771296597426,,,,,,,,,,9.7069597069597,,
1771296597442,,,,,,,,,0,,,
1771296597459,,,,,,,,,,,0.0015568514354526997,
1771296597477,0,,,,,,,,,,,
1771296597494,,,,,,,,,,,,0
1771296597512,,7.527876853942871,,,,,,,,,,
1771296597534,,,,11.318681318681309,,,,,,,,
1771296597554,,,0,,,,,,,,,
1771296597574,,,,,7.1226043701171875,,,,,,,
1771296597592,,,,,,,0,,,,,
1771296597633,,,,,,9.926739926739918,,,,,,
1771296597652,,,,,,,,-6.938937187194824,,,,
1771296597672,,,,,,,,,0,,,
1771296597689,,,,,,,,,,7.985347985347979,,
1771296597707,,,,,,,,,,,0.0015568514354526997,
1771296597725,0,,,,,,,,,,,
1771296597747,,,,,,,,,,,,0
1771296597771,,7.470489025115967,,,,,,,,,,
1771296597794,,,,6.959706959706954,,,,,,,,
1771296597812,,,0,,,,,,,,,
1771296597830,,,,,8.669734001159668,,,,,,,
1771296597852,,,,,,,0,,,,,
1771296597874,,,,,,6.666666666666662,,,,,,
1771296597894,,,,,,,,-8.734106063842773,,,,
1771296597911,,,,,,,,,0,,,
1771296597927,,,,,,,,,,9.560439560439553,,
1771296597943,,,,,,,,,,,0.0015568514354526997,
1771296597964,0,,,,,,,,,,,
1771296597984,,,,,,,,,,,,0
1771296598005,,7.6192307472229,,,,,,,,,,
1771296598024,,,,7.2527472527472465,,,,,,,,
1771296598041,,,0,,,,,,,,,
1771296598059,,,,,8.419914245605469,,,,,,,
1771296598077,,,,,,,0,,,,,
1771296598095,,,,,,8.534798534798528,,,,,,
1771296598119,,,,,,,,-8.333901405334473,,,,
1771296598141,,,,,,,,,,10.732600732600725,,
1771296598160,,,,,,,,,0,,,
1771296598180,0,,,,,,,,,,,
1771296598198,,,,,,,,,,,0.0015568514354526997,
1771296598215,,7.374752521514893,,,,,,,,,,
1771296598234,,,,,,,,,,,,0
1771296598255,,,,8.278388278388272,,,,,,,,
1771296598273,,,0,,,,,,,,,
1771296598291,,,,,8.218168258666992,,,,,,,
1771296598309,,,,,,,0,,,,,
1771296598324,,,,,,8.791208791208785,,,,,,
1771296598345,,,,,,,,-8.224194526672363,,,,
1771296598361,,,,,,,,,,9.743589743589736,,
1771296598378,,,,,,,,,0,,,
1771296598399,,,,,,,,,,,0.0015568514354526997,
1771296598419,0,,,,,,,,,,,
1771296598437,,,,,,,,,,,,0
1771296598456,,8.394438743591309,,,,,,,,,,
1771296598481,,,,8.058608058608051,,,,,,,,
1771296598505,,,0,,,,,,,,,
1771296598523,,,,,,,0,,,,,
1771296598539,,,,,7.554721355438232,,,,,,,
1771296598566,,,,,,,,-6.902641773223877,,,,
1771296598591,,,,,,10.073260073260064,,,,,,
1771296598613,,,,,,,,,,12.49084249084248,,
1771296598633,,,,,,,,,0,,,
1771296598650,,,,,,,,,,,0.0015568514354526997,
1771296598684,0,,,,,,,,,,,
1771296598726,,,,,,,,,,,,0
1771296598754,,7.559377670288086,,,,,,,,,,
1771296598774,,,,9.120879120879113,,,,,,,,
1771296598794,,,0,,,,,,,,,
1771296598809,,,,,,,0,,,,,
1771296598833,,,,,7.459395408630371,,,,,,,
1771296598855,,,,,,,,-6.691308498382568,,,,
1771296598874,,,,,,8.461538461538455,,,,,,
1771296598893,,,,,,,,,,13.919413919413907,,
1771296598907,,,,,,,,,0,,,
1771296598922,,,,,,,,,,,0.0015568514354526997,
1771296598937,0,,,,,,,,,,,
1771296598955,,,,,,,,,,,,0
1771296598973,,7.393653392791748,,,,,,,,,,
1771296598991,,,,12.234432234432225,,,,,,,,
1771296599011,,,0,,,,,,,,,
1771296599027,,,,,,,0,,,,,
1771296599043,,,,,7.198892116546631,,,,,,,
1771296599061,,,,,,,,-7.101922988891602,,,,
1771296599080,,,,,,8.901098901098894,,,,,,
1771296599104,,,,,,,,,,10.402930402930394,,
1771296599121,,,,,,,,,0,,,
1771296599137,,,,,,,,,,,0.0015568514354526997,
1771296599155,0,,,,,,,,,,,
1771296599175,,,,,,,,,,,,0
1771296599198,,8.102982521057129,,,,,,,,,,
1771296599216,,,,10.769230769230761,,,,,,,,
1771296599234,,,0,,,,,,,,,
1771296599251,,,,,7.38981819152832,,,,,,,
1771296599267,,,,,,,0,,,,,
1771296599284,,,,,,6.739926739926735,,,,,,
1771296599299,,,,,,,,-7.621148586273193,,,,
1771296599321,,,,,,,,,,7.728937728937723,,
1771296599336,,,,,,,,,0,,,
1771296599354,,,,,,,,,,,0.0015568514354526997,
1771296599372,0,,,,,,,,,,,
1771296599387,,,,,,,,,,,,0
1771296599406,,8.008479118347168,,,,,,,,,,
1771296599427,,,,8.498168498168491,,,,,,,,
1771296599445,,,0,,,,,,,,,
1771296599467,,,,,8.21803092956543,,,,,,,
1771296599483,,,,,,,0,,,,,
1771296599503,,,,,,7.1062271062271005,,,,,,
1771296599527,,,,,,,,-8.505789756774902,,,,
1771296599544,,,,,,,,,,8.901098901098894,,
1771296599561,,,,,,,,,0,,,
1771296599581,0,,,,,,,,,,,
1771296599599,,,,,,,,,,,0.0015568514354526997,
1771296599618,,7.694423198699951,,,,,,,,,,
1771296599637,,,,,,,,,,,,0
1771296599662,,,,7.32600732600732,,,,,,,,
1771296599683,,,0,,,,,,,,,
1771296599707,,,,,,,0,,,,,
1771296599730,,,,,8.46579647064209,,,,,,,
1771296599748,,,,,,,,-8.425529479980469,,,,
1771296599766,,,,,,12.197802197802188,,,,,,
1771296599806,,,,,,,,,,10.586080586080577,,
1771296599830,,,,,,,,,0,,,
1771296599851,0,,,,,,,,,,,
1771296599873,,,,,,,,,,,0.0015568514354526997,
1771296599892,,7.772355079650879,,,,,,,,,,
1771296599909,,,,,,,,,,,,0
1771296599930,,,,10.586080586080577,,,,,,,,
1771296599952,,,0,,,,,,,,,
1771296599970,,,,,7.519110679626465,,,,,,,
1771296599986,,,,,,,0,,,,,
1771296600007,,,,,,9.633699633699626,,,,,,
1771296600025,,,,,,,,-7.5029497146606445,,,,
1771296600041,,,,,,,,,,7.069597069597064,,
1771296600061,,,,,,,,,0,,,
1771296600081,,,,,,,,,,,0.0015568514354526997,
1771296600102,0,,,,,,,,,,,
1771296600129,,,,,,,,,,,,0
1771296600152,,7.684972286224365,,,,,,,,,,
1771296600170,,,0,,,,,,,,,
1771296600187,,,,8.571428571428564,,,,,,,,
1771296600207,,,,,7.850423336029053,,,,,,,
1771296600227,,,,,,,0,,,,,
1771296600245,,,,,,6.630036630036624,,,,,,
1771296600269,,,,,,,,-8.431829452514648,,,,
1771296600293,,,,,,,,,,7.948717948717942,,
1771296600315,,,,,,,,,0,,,
1771296600335,,,,,,,,,,,0.0015568514354526997,
1771296600356,0,,,,,,,,,,,
1771296600378,,,,,,,,,,,,0
1771296600398,,7.755782604217529,,,,,,,,,,
1771296600420,,,0,,,,,,,,,
1771296600442,,,,8.058608058608051,,,,,,,,
1771296600462,,,,,8.46196174621582,,,,,,,
1771296600483,,,,,,,0,,,,,
1771296600502,,,,,,7.399267399267393,,,,,,
1771296600523,,,,,,,,-8.47812271118164,,,,
1771296600549,,,,,,,,,0,,,
1771296600570,,,,,,,,,,10.109890109890102,,
1771296600592,,,,,,,,,,,0.0015568514354526997,
1771296600612,0,,,,,,,,,,,
1771296600639,,,,,,,,,,,,0
1771296600668,,7.526507377624512,,,,,,,,,,
1771296600694,,,0,,,,,,,,,
1771296600722,,,,8.827838827838821,,,,,,,,
1771296600745,,,,,7.576498508453369,,,,,,,
1771296600769,,,,,,,0,,,,,
1771296600790,,,,,,10.476190476190467,,,,,,
1771296600817,,,,,,,,-7.3735198974609375,,,,
1771296600838,,,,,,,,,0,,,
1771296600860,,,,,,,,,,11.318681318681309,,
1771296600884,,,,,,,,,,,0.0015568514354526997,
1771296600932,0,,,,,,,,,,,
1771296600953,,,,,,,,,,,,0
1771296600972,,7.734553337097168,,,,,,,,,,
1771296600993,,,0,,,,,,,,,
1771296601013,,,,7.21611721611721,,,,,,,,
1771296601034,,,,,7.906030178070068,,,,,,,
1771296601056,,,,,,,0,,,,,
1771296601076,,,,,,6.703296703296698,,,,,,
1771296601104,,,,,,,,-8.627823829650879,,,,
1771296601130,,,,,,,,,0,,,
1771296601157,,,,,,,,,,9.377289377289369,,
1771296601179,,,,,,,,,,,0.0015568514354526997,
1771296601199,0,,,,,,,,,,,
1771296601226,,,,,,,,,,,,0
1771296601250,,8.436760902404785,,,,,,,,,,
1771296601272,,,0,,,,,,,,,
1771296601295,,,,7.362637362637357,,,,,,,,
1771296601316,,,,,8.44593620300293,,,,,,,
1771296601334,,,,,,,0,,,,,
1771296601353,,,,,,9.04761904761904,,,,,,
1771296601373,,,,,,,,-7.754960536956787,,,,
1771296601391,,,,,,,,,0,,,
1771296601426,,,,,,,,,,9.999999999999991,,
1771296601449,,,,,,,,,,,0.0015568514354526997,
1771296601468,0,,,,,,,,,,,
1771296601487,,,,,,,,,,,,0
1771296601505,,8.063673973083496,,,,,,,,,,
1771296601525,,,0,,,,,,,,,
1771296601552,,,,8.754578754578747,,,,,,,,
1771296601572,,,,,7.8590521812438965,,,,,,,
1771296601597,,,,,,,0,,,,,
1771296601615,,,,,,6.849816849816844,,,,,,
1771296601633,,,,,,,,-7.823716163635254,,,,
1771296601652,,,,,,,,,0,,,
1771296601676,,,,,,,,,,7.142857142857137,,
1771296601696,,,,,,,,,,,0.0015568514354526997,
1771296601716,0,,,,,,,,,,,
1771296601741,,,,,,,,,,,,0
1771296601765,,7.743319034576416,,,,,,,,,,
1771296601786,,,0,,,,,,,,,
1771296601809,,,,7.875457875457869,,,,,,,,
1771296601835,,,,,7.545544624328613,,,,,,,
1771296601858,,,,,,,0,,,,,
1771296601884,,,,,,8.095238095238088,,,,,,
1771296601903,,,,,,,,-8.188036918640137,,,,
1771296601921,,,,,,,,,0,,,
1771296601940,,,,,,,,,,8.571428571428564,,
1771296601967,,,,,,,,,,,0.0015568514354526997,
1771296602018,0,,,,,,,,,,,
1771296602040,,,,,,,,,,,,0
1771296602063,,8.50113296508789,,,,,,,,,,
1771296602086,,,0,,,,,,,,,
1771296602108,,,,8.71794871794871,,,,,,,,
1771296602130,,,,,8.568655014038086,,,,,,,
1771296602151,,,,,,,0,,,,,
1771296602171,,,,,,10.805860805860798,,,,,,
1771296602195,,,,,,,,-7.2535400390625,,,,
1771296602220,,,,,,,,,0,,,
1771296602243,,,,,,,,,,9.120879120879113,,
1771296602267,,,,,,,,,,,0.0015568514354526997,
1771296602290,0,,,,,,,,,,,
1771296602313,,,,,,,,,,,,0
1771296602335,,7.611560821533203,,,,,,,,,,
1771296602361,,,0,,,,,,,,,
1771296602380,,,,10.732600732600725,,,,,,,,
1771296602400,,,,,7.366671085357666,,,,,,,
1771296602420,,,,,,,0,,,,,
1771296602438,,,,,,8.571428571428564,,,,,,
1771296602457,,,,,,,,-8.069700241088867,,,,
1771296602477,,,,,,,,,0,,,
1771296602499,,,,,,,,,,7.1062271062271005,,
1771296602521,,,,,,,,,,,0.0015568514354526997,
1771296602542,0,,,,,,,,,,,
1771296602566,,,,,,,,,,,,0
1771296602592,,8.036967277526855,,,,,,,,,,
1771296602618,,,0,,,,,,,,,
1771296602639,,,,6.776556776556771,,,,,,,,
1771296602662,,,,,8.565778732299805,,,,,,,
1771296602688,,,,,,,0,,,,,
1771296602711,,,,,,6.776556776556771,,,,,,
1771296602739,,,,,,,,-8.558246612548828,,,,
1771296602761,,,,,,,,,0,,,
1771296602785,,,,,,,,,,8.278388278388272,,
1771296602809,,,,,,,,,,,0.0015568514354526997,
1771296602833,0,,,,,,,,,,,
1771296602856,,,,,,,,,,,,0
1771296602878,,8.375948905944824,,,,,,,,,,
1771296602902,,,0,,,,,,,,,
1771296602922,,,,9.670329670329663,,,,,,,,
1771296602940,,,,,8.448676109313965,,,,,,,
1771296602959,,,,,,,0,,,,,
1771296602981,,,,,,10.952380952380944,,,,,,
1771296603008,,,,,,,,-7.069873809814453,,,,
1771296603027,,,,,,,,,0,,,
1771296603049,,,,,,,,,,7.582417582417576,,
1771296603071,,,,,,,,,,,0.0015568514354526997,
1771296603120,0,,,,,,,,,,,
1771296603146,,,,,,,,,,,,0
1771296603167,,7.472680568695068,,,,,,,,,,
1771296603199,,,0,,,,,,,,,
1771296603223,,,,7.619047619047612,,,,,,,,
1771296603243,,,,,7.578415870666504,,,,,,,
1771296603269,,,,,,,0,,,,,
1771296603290,,,,,,7.985347985347979,,,,,,
1771296603317,,,,,,,,-8.603033065795898,,,,
1771296603336,,,,,,,,,0,,,
1771296603359,,,,,,,,,,9.743589743589736,,
1771296603380,,,,,,,,,,,0.0015568514354526997,
1771296603402,0,,,,,,,,,,,
1771296603423,,,,,,,,,,,,0
1771296603443,,8.726299285888672,,,,,,,,,,
1771296603463,,,0,,,,,,,,,
1771296603485,,,,6.849816849816844,,,,,,,,
1771296603510,,,,,8.610428810119629,,,,,,,
1771296603537,,,,,,,0,,,,,
1771296603565,,,,,,8.315018315018309,,,,,,
1771296603594,,,,,,,,-7.85001277923584,,,,
1771296603615,,,,,,,,,0,,,
1771296603638,,,,,,,,,,6.630036630036624,,
1771296603659,,,,,,,,,,,0.0015568514354526997,
1771296603679,0,,,,,,,,,,,
1771296603709,,,,,,,,,,,,0
1771296603735,,8.501543045043945,,,,,,,,,,
1771296603755,,,0,,,,,,,,,
1771296603782,,,,7.985347985347979,,,,,,,,
1771296603810,,,,,7.665797710418701,,,,,,,
1771296603831,,,,,,,0,,,,,
1771296603856,,,,,,7.362637362637357,,,,,,
1771296603877,,,,,,,,-8.45703125,,,,
1771296603901,,,,,,,,,0,,,
1771296603922,,,,,,,,,,10.183150183150175,,
1771296603942,,,,,,,,,,,0.0015568514354526997,
1771296603962,0,,,,,,,,,,,
1771296603987,,,,,,,,,,,,0
1771296604023,,7.002762317657471,,,,,,,,,,
1771296604049,,,0,,,,,,,,,
1771296604069,,,,7.619047619047612,,,,,,,,
1771296604090,,,,,8.517842292785645,,,,,,,
1771296604117,,,,,,,0,,,,,
1771296604151,,,,,,7.362637362637357,,,,,,
1771296604178,,,,,,,,-8.218989372253418,,,,
1771296604199,,,,,,,,,0,,,
1771296604244,,,,,,,,,,6.300366300366295,,
1771296604273,,,,,,,,,,,0.0015568514354526997,
1771296604295,0,,,,,,,,,,,
1771296604327,,,,,,,,,,,,0
1771296604355,,8.150508880615234,,,,,,,,,,
1771296604379,,,0,,,,,,,,,
1771296604402,,,,7.65567765567765,,,,,,,,
1771296604428,,,,,8.145441055297852,,,,,,,
1771296604451,,,,,,,0,,,,,
1771296604472,,,,,,9.59706959706959,,,,,,
1771296604494,,,,,,,,-7.8865814208984375,,,,
1771296604519,,,,,,,,,0,,,
1771296604545,,,,,,,,,,10.54945054945054,,
1771296604569,,,,,,,,,,,0.0015568514354526997,
1771296604596,0,,,,,,,,,,,
1771296604627,,,,,,,,,,,,0
1771296604670,,8.49264144897461,,,,,,,,,,
1771296604697,,,0,,,,,,,,,
1771296604759,,,,9.377289377289369,,,,,,,,
1771296604783,,,,,7.355851650238037,,,,,,,
1771296604816,,,,,,,0,,,,,
1771296604843,,,,,,6.007326007326002,,,,,,
1771296604869,,,,,,,,,0,,,
1771296604899,,,,,,,,-8.491545677185059,,,,
1771296604931,,,,,,,,,,,0.0015568514354526997,
1771296604954,,,,,,,,,,7.948717948717942,,
1771296604972,0,,,,,,,,,,,
1771296604990,,,,,,,,,,,,0
1771296605010,,7.768109321594238,,,,,,,,,,
1771296605029,,,0,,,,,,,,,
1771296605047,,,,9.853479853479845,,,,,,,,
1771296605066,,,,,7.872748374938965,,,,,,,
1771296605085,,,,,,10.073260073260064,,,,,,
1771296605103,,,,,,,0,,,,,
1771296605124,,,,,,,,-7.482131481170654,,,,
1771296605147,,,,,,,,,0,,,
1771296605170,,,,,,,,,,6.776556776556771,,
1771296605192,,,,,,,,,,,0.0015568514354526997,
1771296605211,0,,,,,,,,,,,
1771296605237,,,,,,,,,,,,0
1771296605256,,8.339380264282227,,,,,,,,,,
1771296605278,,,0,,,,,,,,,
1771296605299,,,,8.754578754578747,,,,,,,,
1771296605317,,,,,8.308974266052246,,,,,,,
1771296605361,,,,,,,0,,,,,
1771296605383,,,,,,8.241758241758236,,,,,,
1771296605403,,,,,,,,-7.923013687133789,,,,
1771296605429,,,,,,,,,0,,,
1771296605455,,,,,,,,,,10.402930402930394,,
1771296605481,,,,,,,,,,,0.0015568514354526997,
1771296605501,0,,,,,,,,,,,
1771296605522,,,,,,,,,,,,0
1771296605543,,7.707160949707031,,,,,,,,,,
1771296605562,,,0,,,,,,,,,
1771296605579,,,,7.765567765567759,,,,,,,,
1771296605599,,,,,7.598138809204102,,,,,,,
1771296605618,,,,,,8.71794871794871,,,,,,
1771296605636,,,,,,,0,,,,,
1771296605656,,,,,,,,-7.517330646514893,,,,
1771296605676,,,,,,,,,0,,,
1771296605695,,,,,,,,,,11.318681318681309,,
